Workbook

Sheet T20M6
A1: Sr. No. | B1: SCREEN_ID | C1: REQUIREMENT_ID | D1: KPIT_TC_ID | E1: Name | F1: Objective | G1: Precondition | H1: Test Script (Step-by-Step) - Step | I1: Test Script (Step-by-Step) - Test Data | J1: Test Script (Step-by-Step) - Expected Result | K1: FEATURE_1 | L1: REFERENCE_DOC | M1: Labels | N1: ANDROID_VER | O1: VEHICLE_MODEL | P1: REGION | Q1: VARIANT_CODE | R1: TEST_LEVEL | S1: TEST_TYPE | T1: HW_REQUIRED | U1: SRL_VERSION | V1: SUB_ID | W1: Status | X1: Priority | Y1: Owner | Z1: Folder | AA1: Vehicle model required for Execution e.g. 30AA Q | AB1: TC creator | AC1: L1 Review by | AD1: L1 Review Comments | AE1: TC Status | AF1: L2 Review by | AG1: L2 Review Comments | AH1: TC Status | AI1: L3 Review by | AJ1: L3 Review Comments | AK1: TC Status | AL1: Remarks | AM1: Execution feasibility Result (Pass/Fail) | AN1: Execution Model | AO1: Execution Region | AP1: Executed by | AQ1: Execution owner
A2: 1 | B2: ー | C2: SR-990705-MCS-04 | D2: KPIT_VRNT_PJ02FEA10-504_7882 | E2: [SWT][KPIT_VRNT_PJ02FEA10-504_7882][System UI] | F2: To verify MCS Bar is displayed on the right side when vehicle has right hand side steering while ICB is flashed with T20M6 variant code | G2: 1. IGN is ON and ICB is up and Ready 2. ICB is flashed with T20M6 variant code 3. ICB language is set to "English" (UK-English) 4. Home screen is active | H2: 1. Observe MCS Bar | J2: After step 1, MCS Bar should be displayed on right side | K2: System UI | L2: Document Name: FCP_management_table_14-8155-s34-dev.xlsx Version : 215512 Section: Sheet/T20T/HANDLE | M2: SWT_PJ, R1418 | N2: A14 | O2: T20T | P2: MA | Q2: T20M6 | R2: SWT1-2 | S2: Variant Test | T2: ー | U2: R1418 | V2: ー | W2: Draft | X2: Normal | Y2: JIRAUSER25009 | Z2: /A14/FCP Validation TCs/T20T/System UI/Variant Test | AB2: Shivani | AC2: Ankush | AD2: No review comment | AE2: Finalized | AF2: Pravin | AG2: No review comment | AH2: Finalized | AM2: Pass | AQ2: Shivani
A3: 2 | B3: ー | C3: SR-080300-PowerFlow-01 | D3: KPIT_VRNT_PJ02FEA10-504_7883 | E3: [SWT][KPIT_VRNT_PJ02FEA10-504_7883][PowerFlow] | F3: To verify "Power Flow" app is displayed on Home and All Apps screen while ICB is flashed with T20M6 variant code | G3: 1. IGN is ON and ICB is up and Ready 2. ICB is flashed with T20M6 variant code 3. ICB language is set to "English" (UK-English) 4. Home screen is active | H3: 1. Observe Home screen | J3: After step 1, "Power Flow" app should be displayed on Home screen | K3: PowerFlow | L3: Document Name: FCP_management_table_14-8155-s34-dev.xlsx Version : 215512 Section: Sheet/T20T/ENGTYPE | M3: SWT_PJ, R1418 | N3: A14 | O3: T20T | P3: MA | Q3: T20M6 | R3: SWT1-2 | S3: Variant Test | T3: ー | U3: R1418 | V3: ー | W3: Draft | X3: Normal | Y3: JIRAUSER25009 | Z3: /A14/FCP Validation TCs/T20T/PowerFlow/Variant Test | AB3: Shivani | AC3: Ankush | AD3: 3. Step and expected result is missing for all app | AE3: Rework Review | AF3: Pravin | AG3: No review comment | AH3: Finalized | AM3: Pass | AQ3: Shivani
H4: 2. Go to "All Apps" | J4: After step 2, "Power Flow" app should be displayed in All Apps
A5: 3 | B5: ー | C5: SR-010200-Radio-01 | D5: KPIT_VRNT_PJ02FEA10-504_7884 | E5: [SWT][KPIT_VRNT_PJ02FEA10-504_7884][Analog Radio] | F5: To verify the Frequency Range (87.5MHz-108.0MHz) of FM when "SEEK" operation is performed on FM screen while ICB is flashed with T20M6 variant code | G5: 1. IGN is ON and ICB is up and Ready 2. ICB is flashed with T20M6 variant code 3. ICB language is set to "English" (UK-English) 4. Tuner Simulator is connected to ICB 5. FM is tuned to 87.5MHz on tuner simulator 6. FM screen is active | H5: 1. Set 108.0MHz frequency by entering numbers (0-9) on FM Tune screen | K5: Analog Radio | L5: Document Name: FCP_management_table_14-8155-s34-dev.xlsx Version : 215512 Section: Sheet/T20T/BAND | M5: SWT_PJ, R1418 | N5: A14 | O5: T20T | P5: MA | Q5: T20M6 | R5: SWT1-2 | S5: Variant Test | T5: Tuner Simulator | U5: R1418 | V5: ー | W5: Draft | X5: Normal | Y5: JIRAUSER25009 | Z5: /A14/FCP Validation TCs/T20T/Analog Radio/Variant Test | AB5: Shivani | AC5: Ankush | AD5: 3. Expected result is missing for step 3 4. Required HW missing in HW field | AE5: Rework Review | AF5: Pravin | AG5: No review comment | AH5: Finalized | AJ5: ok | AM5: Pass | AQ5: Niharika
H6: 2. Select "Enter"
H7: 3. Select SEEK UP | J7: After step 3, 87.5MHz should be displayed on FM screen
H8: 4. Tune FM to 108.0MHz on tuner simulator
H9: 5. Select "Tune" on FM screen
H10: 6. Set 87.5MHz frequency by entering numbers (0-9) on FM Tune screen
H11: 7. Select "Enter"
H12: 8. Select SEEK DOWN | J12: After step 8, 108.0MHz should be displayed on FM screen
A13: 4 | B13: ー | C13: SR-010200-Radio-10 | D13: KPIT_VRNT_PJ02FEA10-504_7885 | E13: [SWT][KPIT_VRNT_PJ02FEA10-504_7885][Analog Radio] | F13: To verify the Frequency Range (87.5MHz-108.0MHz) of FM when "Tune" operation is performed on FM Tune Screen while ICB is flashed with T20M6 variant code | G13: 1. IGN is ON and ICB is up and Ready 2. ICB is flashed with T20M6 variant code 3. ICB language is set to "English" (UK-English) 4. Tuner Simulator is connected to ICB 5. FM is tuned to 108.0MHz on Tuner Simulator 6. FM screen is active | H13: 1. Select "Tune" | K13: Analog Radio | L13: Document Name: FCP_management_table_14-8155-s34-dev.xlsx Version : 215512 Section: Sheet/T20T/BAND | M13: SWT_PJ, R1418 | N13: A14 | O13: T20T | P13: MA | Q13: T20M6 | R13: SWT1-2 | S13: Variant Test | T13: Tuner Simulator | U13: R1418 | V13: ー | W13: Draft | X13: Normal | Y13: JIRAUSER25009 | Z13: /A14/FCP Validation TCs/T20T/Analog Radio/Variant Test | AB13: Shivani | AC13: Ankush | AD13: 4. Required HW missing in HW field | AE13: Rework Review | AF13: Pravin | AG13: No review comment | AH13: Finalized | AJ13: ok | AM13: Pass | AQ13: Niharika
H14: 2. Select TUNE UP | J14: After step 2, 87.5MHz should be displayed on FM Tune Screen
H15: 3. Select TUNE DOWN | J15: After step 3, 108.0MHz should be displayed on FM Tune Screen
A16: 5 | B16: ー | C16: SR-010200-Radio-01 | D16: KPIT_VRNT_PJ02FEA10-504_7886 | E16: [SWT][KPIT_VRNT_PJ02FEA10-504_7886][Analog Radio] | F16: To verify the Frequency increase/decrease by 100kHz when perform Tune up/Tune Down operation on FM Tune screen while ICB is flashed with T20M6 variant code | G16: 1. IGN is ON and ICB is up and Ready 2. ICB is flashed with T20M6 variant code 3. ICB language is set to "English" (UK-English) 4. Tuner Simulator is connected to ICB 5. FM is tuned to 90.0MHz 6. FM screen is active | H16: 1. Select "Tune" | K16: Analog Radio | L16: Document Name: FCP_management_table_14-8155-s34-dev.xlsx Version : 215512 Section: Sheet/T20T/BAND | M16: SWT_PJ, R1418 | N16: A14 | O16: T20T | P16: MA | Q16: T20M6 | R16: SWT1-2 | S16: Variant Test | T16: Tuner Simulator | U16: R1418 | V16: ー | W16: Draft | X16: Normal | Y16: JIRAUSER25009 | Z16: /A14/FCP Validation TCs/T20T/Analog Radio/Variant Test | AB16: Shivani | AC16: Ankush | AD16: 4. Required HW missing in HW field | AE16: Rework Review | AF16: Pravin | AG16: No review comment | AH16: Finalized | AJ16: ok | AM16: Pass | AQ16: Niharika
H17: 2. Select TUNE DOWN | J17: After step 2, Frequency range should be decreased by 100kHz and 89.9MHz is displayed on FM Tune screen
H18: 3. Select TUNE UP | J18: After step 3, Frequency range should be increased by 100kHz and 90MHz is displayed on FM Tune screen
A19: 6 | B19: ー | C19: SR-010200-Radio-01 | D19: KPIT_VRNT_PJ02FEA10-504_7887 | E19: [SWT][KPIT_VRNT_PJ02FEA10-504_7887][Analog Radio] | F19: To verify Default preset initial values is displayed as 87.5MHz, 98.1MHz, 108.0MHz on FM screen while ICB is flashed with T20M6 variant code | G19: 1. IGN is ON and ICB is up and Ready 2. ICB is flashed with T20M6 variant code 3. ICB is started for the first time after SW flashing 4. ICB language is set to "English" (UK-English) 5. Home screen is active | H19: 1. Go to "FM" | K19: Analog Radio | L19: Document Name: FCP_management_table_14-8155-s34-dev.xlsx Version : 215512 Section: Sheet/T20T/BAND | M19: SWT_PJ, R1418 | N19: A14 | O19: T20T | P19: MA | Q19: T20M6 | R19: SWT1-2 | S19: Variant Test | T19: ー | U19: R1418 | V19: ー | W19: Draft | X19: Normal | Y19: JIRAUSER25009 | Z19: /A14/FCP Validation TCs/T20T/Analog Radio/Variant Test | AB19: Shivani | AC19: Ankush | AD19: No review comment | AE19: Finalized | AF19: Pravin | AG19: No review comment | AH19: Finalized | AM19: Pass | AQ19: Shivani
H20: 2. Observe the first three presets values | J20: After step 2, First three presets initial values should be displayed as 87.5MHz, 98.1MHz,108.0MHz on FM screen
A21: 7 | B21: ー | C21: SR-010200-Radio-01 | D21: KPIT_VRNT_PJ02FEA10-504_7888 | E21: [SWT][KPIT_VRNT_PJ02FEA10-504_7888][Analog Radio] | F21: To verify the Frequency Range (531kHz-1602kHz) of AM is displayed when AM "SEEK" operation is performed while AM playback is in Progress and ICB is flashed with T20M6 variant code | G21: 1. IGN is ON and ICB is up and Ready 2. ICB is flashed with T20M6 variant code 3. ICB language is set to "English" (UK-English) 4. Tuner Simulator is connected to ICB 5. AM is tuned to 531kHz on Tuner Simulator 6. AM Tune screen is active | H21: 1. Set 1602kHz frequency by entering numbers (0-9) on AM Tune screen | K21: Analog Radio | L21: Document Name: FCP_management_table_14-8155-s34-dev.xlsx Version : 215512 Section: Sheet/T20T/BAND | M21: SWT_PJ, R1418 | N21: A14 | O21: T20T | P21: MA | Q21: T20M6 | R21: SWT1-2 | S21: Variant Test | T21: Tuner Simulator | U21: R1418 | V21: ー | W21: Draft | X21: Normal | Y21: JIRAUSER25009 | Z21: /A14/FCP Validation TCs/T20T/Analog Radio/Variant Test | AB21: Shivani | AC21: Ankush | AD21: 4. Required HW missing in HW field | AE21: Rework Review | AF21: Pravin | AG21: No review comment | AH21: Finalized | AJ21: ok | AM21: Hold | AQ21: Niharika
H22: 2. Select "Enter"
H23: 3. Select SEEK UP | J23: After step 3, 531kHz should be displayed on AM screen
H24: 4. Tune AM to 1602kHz on Tuner simulator
H25: 5. Select "Tune" on AM screen
H26: 6. Set 531kHz frequency by entering numbers (0-9) on AM Tune screen
H27: 7. Select "Enter"
H28: 8. Select SEEK DOWN | J28: After step 8, 1602kHz should be displayed on AM Screen
A29: 8 | B29: ー | C29: SR-010200-Radio-10 | D29: KPIT_VRNT_PJ02FEA10-504_7889 | E29: [SWT][KPIT_VRNT_PJ02FEA10-504_7889][Analog Radio] | F29: To verify the Frequency Range (531kHz-1602kHz) of AM is displayed when AM "Tune" operation is performed while AM playback is in Progress and ICB is flashed with T20M6 variant code | G29: 1. IGN is ON and ICB is up and Ready 2. ICB is flashed with T20M6 variant code 3. ICB language is set to "English" (UK-English) 4. Tuner Simulator is connected to ICB 5. AM is tuned to 1602kHz on Tuner Simulator 6. AM screen is active | H29: 1. Select "Tune" | K29: Analog Radio | L29: Document Name: FCP_management_table_14-8155-s34-dev.xlsx Version : 215512 Section: Sheet/T20T/BAND | M29: SWT_PJ, R1418 | N29: A14 | O29: T20T | P29: MA | Q29: T20M6 | R29: SWT1-2 | S29: Variant Test | T29: Tuner Simulator | U29: R1418 | V29: ー | W29: Draft | X29: Normal | Y29: JIRAUSER25009 | Z29: /A14/FCP Validation TCs/T20T/Analog Radio/Variant Test | AB29: Shivani | AC29: Ankush | AD29: 4. Required HW missing in HW field | AE29: Rework Review | AF29: Pravin | AG29: No review comment | AH29: Finalized | AJ29: ok | AM29: Hold | AQ29: Niharika
H30: 2. Select TUNE UP | J30: After step 2, 531kHz should be displayed on AM Screen
H31: 3. Select TUNE DOWN | J31: After step 3, 1602kHz should be displayed on AM Screen
A32: 9 | B32: ー | C32: SR-010200-Radio-10 | D32: KPIT_VRNT_PJ02FEA10-504_7890 | E32: [SWT][KPIT_VRNT_PJ02FEA10-504_7890][Analog Radio] | F32: To verify the Frequency Step increase/decrease by 9kHz of AM when AM playback is in Progress while ICB is flashed with T20M6 variant code | G32: 1. IGN is ON and ICB is up and Ready 2. ICB is flashed with T20M6 variant code 3. ICB language is set to "English" (UK-English) 4. Tuner Simulator is connected to ICB 5. AM is tuned to 990kHz on Tuner Simulator 6. AM screen is active | H32: 1. Select "Tune" | K32: Analog Radio | L32: Document Name: FCP_management_table_14-8155-s34-dev.xlsx Version : 215512 Section: Sheet/T20T/BAND | M32: SWT_PJ, R1418 | N32: A14 | O32: T20T | P32: MA | Q32: T20M6 | R32: SWT1-2 | S32: Variant Test | T32: Tuner Simulator | U32: R1418 | V32: ー | W32: Draft | X32: Normal | Y32: JIRAUSER25009 | Z32: /A14/FCP Validation TCs/T20T/Analog Radio/Variant Test | AB32: Shivani | AC32: Ankush | AD32: 4. Required HW missing in HW field | AE32: Rework Review | AF32: Pravin | AG32: No review comment | AH32: Finalized | AJ32: ok | AM32: Hold | AQ32: Niharika
H33: 2. Select TUNE DOWN | J33: After step 2, Frequency range should be decreased by 9kHz steps and 981kHz should be displayed on AM Tune screen
H34: 3. Select TUNE UP | J34: After step 3, Frequency range should be increased by 9kHz steps and 990kHz should be displayed on AM Tune screen
A35: 10 | B35: ー | C35: SR-010200-Radio-01 | D35: KPIT_VRNT_PJ02FEA10-504_7891 | E35: [SWT][KPIT_VRNT_PJ02FEA10-504_7891][Analog Radio] | F35: To verify first three preset initial value is displayed as 531kHz, 999kHz, 1602kHz on AM screen while ICB is flashed with T20M6 variant code | G35: 1. IGN is ON and ICB is up and Ready 2. ICB is flashed with T20M6 variant code 3. ICB is started for the first time after SW flashing 4. ICB language is set to "English" (UK-English) 5. Home screen is active | H35: 1. Go to "AM" | K35: Analog Radio | L35: Document Name: FCP_management_table_14-8155-s34-dev.xlsx Version : 215512 Section: Sheet/T20T/BAND | M35: SWT_PJ, R1418 | N35: A14 | O35: T20T | P35: MA | Q35: T20M6 | R35: SWT1-2 | S35: Variant Test | T35: ー | U35: R1418 | V35: ー | W35: Draft | X35: Normal | Y35: JIRAUSER25009 | Z35: /A14/FCP Validation TCs/T20T/Analog Radio/Variant Test | AB35: Shivani | AC35: Ankush | AD35: No review comment | AE35: Finalized | AF35: Pravin | AG35: No review comment | AH35: Finalized | AM35: Hold | AQ35: Niharika
H36: 2. Observe the first three presets values | J36: After step 2, AM first three presets initial values should be displayed as 531kHz, 999kHz, 1602kHz on AM screen
A37: 11 | B37: ー | C37: SR-010200-Radio-11 | D37: KPIT_VRNT_PJ02FEA10-504_7892 | E37: [SWT][KPIT_VRNT_PJ02FEA10-504_7892][Analog Radio] | F37: To verify AM frequency is tuned down continuously when long pressed on TUNE DOWN from AM Tune Keyboard screen while ICB is flashed with T20M6 variant code | G37: 1. IGN is ON and ICB is up and Ready 2. ICB is flashed with T20M6 variant code 3. ICB language is set to "English" (UK-English) 4. Input area is empty on Tune Keyboard 5. AM Tune Keyboard screen is active | H37: 1. Long press TUNE DOWN | J37: After step 1, AM frequency should be tuned DOWN continuously when long pressed on TUNE DOWN from AM Tune Keyboard screen | K37: Analog Radio | L37: Document Name: FCP_management_table_14-8155-s34-dev.xlsx Version : 215512 Section: Sheet/T20T/BAND | M37: SWT_PJ, R1418 | N37: A14 | O37: T20T | P37: MA | Q37: T20M6 | R37: SWT1-2 | S37: Variant Test | T37: ー | U37: R1418 | V37: ー | W37: Draft | X37: Normal | Y37: JIRAUSER25009 | Z37: /A14/FCP Validation TCs/T20T/Analog Radio/Variant Test | AB37: Shivani | AC37: Ankush | AD37: No review comment | AE37: Finalized | AF37: Pravin | AG37: No review comment | AH37: Finalized | AM37: Hold | AQ37: Niharika
A38: 12 | B38: ー | C38: SR-010200-Radio-11 | D38: KPIT_VRNT_PJ02FEA10-504_7893 | E38: [SWT][KPIT_VRNT_PJ02FEA10-504_7893][Analog Radio] | F38: To verify AM frequency is tuned up continuously when long pressed on TUNE UP from AM Tune Keyboard screen while ICB is flashed with T20M6 variant code | G38: 1. IGN is ON and ICB is up and Ready 2. ICB is flashed with T20M6 variant code 3. ICB language is set to "English" (UK-English) 4. Input area is empty on Tune Keyboard 5. AM Tune Keyboard screen is active | H38: 1. Long press TUNE UP | J38: After step 1, AM frequency should be tuned UP continuously when long pressed on TUNE UP from AM Tune Keyboard screen | K38: Analog Radio | L38: Document Name: FCP_management_table_14-8155-s34-dev.xlsx Version : 215512 Section: Sheet/T20T/BAND | M38: SWT_PJ, R1418 | N38: A14 | O38: T20T | P38: MA | Q38: T20M6 | R38: SWT1-2 | S38: Variant Test | T38: ー | U38: R1418 | V38: ー | W38: Draft | X38: Normal | Y38: JIRAUSER25009 | Z38: /A14/FCP Validation TCs/T20T/Analog Radio/Variant Test | AB38: Shivani | AC38: Ankush | AD38: No review comment | AE38: Finalized | AF38: Pravin | AG38: No review comment | AH38: Finalized | AM38: Hold | AQ38: Niharika
A39: 13 | B39: ー | C39: SR-010200-Radio-03 | D39: KPIT_VRNT_PJ02FEA10-504_7894 | E39: [SWT][KPIT_VRNT_PJ02FEA10-504_7894][Analog Radio] | F39: To verify FM audio is audible from speakers when FM is selected from "Home" screen while ICB is flashed with T20M6 variant code | G39: 1. IGN is ON and ICB is up and Ready 2. ICB is flashed with T20M6 variant code 3. ICB language is set to "English" (UK-English) 4. Tuner Simulator is connected to ICB 5. FM is tuned to a valid station and audio is audible from speaker 6. Home screen is active | H39: 1. Go to "FM" | J39: After step 1, "FM" audio should be audible from speakers | K39: Analog Radio | L39: Document Name: FCP_management_table_14-8155-s34-dev.xlsx Version : 215512 Section: Sheet/T20T/BAND | M39: SWT_PJ, R1418 | N39: A14 | O39: T20T | P39: MA | Q39: T20M6 | R39: SWT1-2 | S39: Variant Test | T39: Tuner Simulator | U39: R1418 | V39: ー | W39: Draft | X39: Normal | Y39: JIRAUSER25009 | Z39: /A14/FCP Validation TCs/T20T/Analog Radio/Variant Test | AB39: Shivani | AC39: Ankush | AD39: 4. Required HW missing in HW field | AE39: Rework Review | AF39: Pravin | AG39: No review comment | AH39: Finalized | AM39: Pass | AQ39: Niharika
A40: 14 | B40: ー | C40: SR-010200-Radio-03 | D40: KPIT_VRNT_PJ02FEA10-504_7895 | E40: [SWT][KPIT_VRNT_PJ02FEA10-504_7895][Analog Radio] | F40: To verify FM audio is audible from speakers when FM icon is selected from Audio source list screen while ICB is flashed with T20M6 variant code | G40: 1. IGN is ON and ICB is up and Ready 2. ICB is flashed with T20M6 variant code 3. ICB language is set to "English" (UK-English) 4. Tuner Simulator is connected to ICB 5. FM is tuned to a valid station and audio is audible from speaker 6. AM Screen is active | H40: 1. Select "AM" | K40: Analog Radio | L40: Document Name: FCP_management_table_14-8155-s34-dev.xlsx Version : 215512 Section: Sheet/T20T/BAND | M40: SWT_PJ, R1418 | N40: A14 | O40: T20T | P40: MA | Q40: T20M6 | R40: SWT1-2 | S40: Variant Test | T40: Tuner Simulator | U40: R1418 | V40: ー | W40: Draft | X40: Normal | Y40: JIRAUSER25009 | Z40: /A14/FCP Validation TCs/T20T/Analog Radio/Variant Test | AB40: Shivani | AC40: Ankush | AD40: 4. Required HW missing in HW field | AE40: Rework Review | AF40: Pravin | AG40: No review comment | AH40: Finalized | AM40: Hold | AQ40: Niharika
H41: 2. Select "FM" from Audio source list screen | J41: After step 2, "FM" audio should be audible from speakers
A42: 15 | B42: ー | C42: SR-010200-Radio-42 | D42: KPIT_VRNT_PJ02FEA10-504_7896 | E42: [SWT][KPIT_VRNT_PJ02FEA10-504_7896][Analog Radio] | F42: To verify "Sound" settings option is displayed in place of "Menu" option on FM main screen while ICB is flashed with T20M6 variant code | G42: 1. IGN is ON and ICB is up and Ready 2. ICB is flashed with T20M6 variant code 3. ICB language is set to "English" (UK-English) 4. Home screen is active | H42: 1. Go to "FM" | K42: Analog Radio | L42: Document Name: FCP_management_table_14-8155-s34-dev.xlsx Version : 215512 Section: Sheet/T20T/DATA & DIGITAL | M42: SWT_PJ, R1418 | N42: A14 | O42: T20T | P42: MA | Q42: T20M6 | R42: SWT1-2 | S42: Variant Test | T42: ー | U42: R1418 | V42: ー | W42: Draft | X42: Normal | Y42: JIRAUSER25009 | Z42: /A14/FCP Validation TCs/T20T/Analog Radio/Variant Test | AB42: Shivani | AC42: Ankush | AD42: No review comment | AE42: Finalized | AF42: Pravin | AG42: No review comment | AH42: Finalized | AM42: Pass | AQ42: Shivani
H43: 2. Observe "Sound" settings option | J43: After Step 2, "Sound" settings option should be displayed in place of "Menu" option on FM menu screen
A44: 16 | B44: ー | C44: SR-191000-AntiTheft-01 | D44: KPIT_VRNT_PJ02FEA10-504_7897 | E44: [SWT][KPIT_VRNT_PJ02FEA10-504_7897][AntiTheft] | F44: To verify Anti-Theft manual unlock screen is not displayed when ACC is ON while ICB is flashed with T20M6 variant code | G44: 1. InLine Diag completed successfully 2. ICB is flashed with T20M6 variant code 3. ICB language is set to "English" (UK-English) 4. ACC is OFF 5. IGN is OFF 6. Battery is OFF | H44: 1. Battery ON ->ACC ON->IGN ON | J44: After step 1, Anti-Theft manual unlock screen should not be displayed | K44: AntiTheft | L44: Document Name: FCP_management_table_14-8155-s34-dev.xlsx Version : 215512 Section: Sheet/T20T/AntiTheft | M44: SWT_PJ, R1418 | N44: A14 | O44: T20T | P44: MA | Q44: T20M6 | R44: SWT1-2 | S44: Variant Test | T44: ー | U44: R1418 | V44: ー | W44: Draft | X44: Normal | Y44: JIRAUSER25009 | Z44: /A14/FCP Validation TCs/T20T/AntiTheft/Variant Test | AB44: Shivani | AC44: Ankush | AD44: No review comment | AE44: Finalized | AF44: Pravin | AG44: No review comment | AH44: Finalized | AM44: Pass | AQ44: Shivani
A45: 17 | B45: ー | C45: SR-050100-RearWideCamera-09 | D45: KPIT_VRNT_PJ02FEA10-504_7898 | E45: [SWT][KPIT_VRNT_PJ02FEA10-504_7898][Rear Wide Camera] | F45: To verify Rear Wide Camera screen is displayed when reverse gear is engaged while ICB is flashed with T20M6 variant code | G45: 1. IGN is ON and ICB is up and Ready 2. ICB is flashed with T20M6 variant code 3. ICB language is set to "English" (UK-English) 4. Rear Wide Camera is connected to ICB 5. CANTOOL A1 is connected to ICB 6. Home screen is active | H45: 1. Send the following BCAN signal to ICB Transmitter: BCM Receiver: NAVI CAN ID: 12F81018 Frame name: MICU_BCM Signal name: C_BACKLTSW Value: 1 Layout: 3.7-3.7 Cycle time: 300ms Contents: Backlight SW value is set to "ON" | J45: After step 1, Rear Wide Camera screen should be displayed | K45: Rear Wide Camera | L45: Document Name: FCP_management_table_14-8155-s34-dev.xlsx Version : 215512 Section: Sheet/T20T/REAR | M45: SWT_PJ, R1418 | N45: A14 | O45: T20T | P45: MA | Q45: T20M6 | R45: SWT1-2 | S45: Variant Test | T45: Rear Wide Camera, CANTOOL A1 | U45: R1418 | V45: ー | W45: Draft | X45: Normal | Y45: JIRAUSER25009 | Z45: /A14/FCP Validation TCs/T20T/Rear Wide Camera/Variant Test | AB45: Shivani | AC45: Ankush | AD45: 4. Required HW (Rear Wide Camera) missing in HW field | AE45: Rework Review | AF45: Pravin | AG45: 2. Required HW- CANTOOL A1 | AH45: Rework Needed | AM45: Pass | AQ45: Shivani
A46: 18 | B46: ー | C46: SR-200200-DealerDiag-118 | D46: KPIT_VRNT_PJ02FEA10-504_7899 | E46: [SWT][KPIT_VRNT_PJ02FEA10-504_7899][Dealer Diag] | F46: To verify LaneWatch option is displayed on Unit Check screen when ICB is flashed with T20M6 variant code | G46: 1. IGN is ON and ICB is up and Ready 2. ICB is flashed with T20M6 variant code 3. ICB language is set to "English" (UK-English) 4. Detail Information & Setting screen is active (Press HOME + SEEK Down + Audio Power keys simultaneously for 5 seconds -> Detail Information & Setting) | H46: 1. Select "Unit Check" | J46: After step 1, LaneWatch option should be displayed on Unit Check screen | K46: Dealer Diag | L46: Document Name: Software Requirement Specification_DealerDiag_R14 Version: R1409.001 Section: 2.3.1 Specification differences for each vehicle model and destination Document Name: FCP_management_table_14-8155-s34-dev.xlsx Version : 215512 Section: Sheet/T20T/LWC | M46: SWT_PJ, R1418 | N46: A14 | O46: T20T | P46: MA | Q46: T20M6 | R46: SWT1-2 | S46: Variant Test | T46: ー | U46: R1418 | V46: ー | W46: Draft | X46: Normal | Y46: JIRAUSER25009 | Z46: /A14/FCP Validation TCs/T20T/Dealer Diag/Variant Test | AB46: Shivani | AC46: Ankush | AD46: No review comment | AE46: Finalized | AF46: Pravin | AG46: No review comment | AH46: Finalized | AJ46: ok | AM46: Pass | AQ46: Shivani
A47: 19 | B47: ー | C47: SR-050200-LaneWatchCamera-05 | D47: KPIT_VRNT_PJ02FEA10-504_7900 | E47: [SWT][KPIT_VRNT_PJ02FEA10-504_7900][Lane Watch Camera] | F47: To verify LaneWatch camera image is displayed when passenger side turn signal is ON while ICB is flashed with T20M6 variant code | G47: 1. IGN is ON and ICB is up and Ready 2. ICB is flashed with T20M6 variant code 3. ICB language is set to "English" (UK-English) 4. LaneWatch Camera is connected to ICB 5. "Show with indicator" is set to ON (General Settings -> Camera -> LaneWatch) 6. CANTOOL A1 is connected to ICB 7. Home screen is active | H47: 1. Send the following BCAN signal to ICB Transmitter: BCM Receiver: NAVI CAN ID: 12F81018 Frame name: MICU_BCM Signal name: C_TURN_L_ONETOUCH Value: 1 Layout: 4.7-4.7 Cycle time: 300 Contents: One-touch turn signal (Left) | J47: After step 1, LaneWatch camera image should be displayed | K47: Lane Watch Camera | L47: Document Name: FCP_management_table_14-8155-s34-dev.xlsx Version : 215512 Section: Sheet/T20T/LWC | M47: SWT_PJ, R1418 | N47: A14 | O47: T20T | P47: MA | Q47: T20M6 | R47: SWT1-2 | S47: Variant Test | T47: CANTOOL A1 | U47: R1418 | V47: ー | W47: Draft | X47: Normal | Y47: JIRAUSER25009 | Z47: /A14/FCP Validation TCs/T20T/Dealer Diag/Variant Test | AB47: Shivani | AC47: Ankush | AD47: 3. BCAN signal is incorrect for the passenger because T20M6 is right‑hand drive | AE47: Rework Review | AF47: Pravin | AG47: No review comment | AH47: Finalized | AJ47: ok | AM47: Fail | AQ47: Shivani
A48: 20 | B48: ー | C48: SR-050200-LaneWatchCamera-05 | D48: KPIT_VRNT_PJ02FEA10-504_7901 | E48: [SWT][KPIT_VRNT_PJ02FEA10-504_7901][Lane Watch Camera] | F48: To verify LaneWatch camera image is not displayed when Driver side turn signal is ON while ICB is flashed with T20M6 variant code | G48: 1. IGN is ON and ICB is up and Ready 2. ICB is flashed with T20M6 variant code 3. ICB language is set to "English" (UK-English) 4. LaneWatch Camera is connected to ICB 5. "Show with indicator" is set to ON (General Settings -> Camera -> LaneWatch) 6. CANTOOL A1 is connected to ICB 7. Home screen is active | H48: 1. Send the following BCAN signal to ICB Transmitter: BCM Receiver: NAVI CAN ID: 12F81018 Frame name: MICU_BCM Signal name: C_TURN_R_ONETOUCH Value: 1 Layout: 4.6-4.6 Cycle time: 300 Contents: One-touch turn signal (Right) | J48: After step 1, LaneWatch camera image should not be displayed | K48: Lane Watch Camera | L48: Document Name: FCP_management_table_14-8155-s34-dev.xlsx Version : 215512 Section: Sheet/T20T/LWC | M48: SWT_PJ, R1418 | N48: A14 | O48: T20T | P48: MA | Q48: T20M6 | R48: SWT1-2 | S48: Variant Test | T48: CANTOOL A1 | U48: R1418 | V48: ー | W48: Draft | X48: Normal | Y48: JIRAUSER25009 | Z48: /A14/FCP Validation TCs/T20T/Dealer Diag/Variant Test | AB48: Shivani | AC48: Ankush | AD48: 3. BCAN signal is incorrect for the driver because T20M6 is right‑hand drive | AE48: Rework Review | AF48: Pravin | AG48: No review comment | AH48: Finalized | AJ48: ok | AM48: Pass | AQ48: Shivani
A49: 21 | B49: ー | C49: SR-070200-CarPlay-06 | D49: KPIT_VRNT_PJ02FEA10-504_7902 | E49: [SWT][KPIT_VRNT_PJ02FEA10-504_7902][CarPlay] | F49: To verify "CarPlay Projection" screen is displayed when Wired iOS device is connected to ICB while ICB is flashed with T20M6 variant code | G49: 1. IGN is ON and ICB is up and Ready 2. ICB is flashed with T20M6 variant code 3. ICB language is set to "English" (UK-English) 4. Phone1 (iOS) is available to be paired for the first time 5. Wi-Fi AP setting is "ON" 6. Microphone setting is turned "ON" 7. All permissions to use CarPlay are allowed 8. Home screen is active | H49: 1. Connect Phone1 to ICB via USB | K49: CarPlay | L49: Document Name: FCP_management_table_14-8155-s34-dev.xlsx Version : 215512 Section: Sheet/T20T/CARPLAYUSB | M49: SWT_PJ, R1418 | N49: A14 | O49: T20T | P49: MA | Q49: T20M6 | R49: SWT1-2 | S49: Variant Test | T49: iPhone, USB Box | U49: R1418 | V49: ー | W49: Draft | X49: Normal | Y49: JIRAUSER25009 | Z49: /A14/FCP Validation TCs/T20T/Analog Radio/Variant Test | AB49: Shivani | AC49: Ankush | AD49: No review comment | AE49: Finalized | AF49: Pravin | AG49: No review comment | AH49: Finalized | AM49: Pass | AQ49: Shivani
H50: 2. Select "Yes" on CarPlay Disclaimer screen and provide necessary permissions from device side | J50: After step 2, "CarPlay Projection" screen should be displayed after Wired CarPlay device is connected
A51: 22 | B51: ー | C51: SR-070200-CarPlay-17 | D51: KPIT_VRNT_PJ02FEA10-504_7903 | E51: [SWT][KPIT_VRNT_PJ02FEA10-504_7903][CarPlay] | F51: To verify CarPlay Projection screen is displayed when CarPlay is selected from Home screen while Wired iOS device is connected and ICB is flashed with T20M6 variant code | G51: 1. IGN is ON and ICB is up and Ready 2. ICB is flashed with T20M6 variant code 3. ICB language is set to "English" (UK-English) 4. Phone1 (iOS) is connected to ICB as Wired CarPlay 5. Home screen is active | H51: 1. Go to "Apple CarPlay" | J51: After step 1, CarPlay Projection screen should be displayed | K51: CarPlay | L51: Document Name: FCP_management_table_14-8155-s34-dev.xlsx Version : 215512 Section: Sheet/T20T/CARPLAYUSB | M51: SWT_PJ, R1418 | N51: A14 | O51: T20T | P51: MA | Q51: T20M6 | R51: SWT1-2 | S51: Variant Test | T51: iPhone, USB Box | U51: R1418 | V51: ー | W51: Draft | X51: Normal | Y51: JIRAUSER25009 | Z51: /A14/FCP Validation TCs/T20T/CarPlay/Variant Test | AB51: Shivani | AC51: Ankush | AD51: No review comment | AE51: Finalized | AF51: Pravin | AG51: No review comment | AH51: Finalized | AM51: Pass | AQ51: Shivani
A52: 23 | B52: ー | C52: SR-070200-CarPlay-17 | D52: KPIT_VRNT_PJ02FEA10-504_7904 | E52: [SWT][KPIT_VRNT_PJ02FEA10-504_7904][CarPlay] | F52: To verify CarPlay Projection screen is displayed when CarPlay is selected from MCS while Wired CarPlay is connected and ICB is flashed with T20M6 variant code | G52: 1. IGN is ON and ICB is up and Ready 2. ICB is flashed with T20M6 variant code 3. ICB language is set to "English" (UK-English) 4. Phone1 (iOS) is connected to ICB as Wired CarPlay 5. CarPlay shortcut is available on MCS 6. Home screen is active | H52: 1. Select "Apple CarPlay" on MCS | J52: After step 1, CarPlay Projection screen should be displayed | K52: CarPlay | L52: Document Name: FCP_management_table_14-8155-s34-dev.xlsx Version : 215512 Section: Sheet/T20T/CARPLAYUSB | M52: SWT_PJ, R1418 | N52: A14 | O52: T20T | P52: MA | Q52: T20M6 | R52: SWT1-2 | S52: Variant Test | T52: iPhone, USB Box | U52: R1418 | V52: ー | W52: Draft | X52: Normal | Y52: JIRAUSER25009 | Z52: /A14/FCP Validation TCs/T20T/CarPlay/Variant Test | AB52: Shivani | AC52: Ankush | AD52: No review comment | AE52: Finalized | AF52: Pravin | AG52: No review comment | AH52: Finalized | AM52: Pass | AQ52: Shivani
A53: 24 | B53: ー | C53: SR-070200-CarPlay-01 | D53: KPIT_VRNT_PJ02FEA10-504_7905 | E53: [SWT][KPIT_VRNT_PJ02FEA10-504_7905][CarPlay] | F53: To verify CarPlay is enabled at 5GHz frequency band in ADB logs when iOS device is connected to ICB as Wireless CarPlay while ICB is flashed with T20M6 variant code | G53: 1. IGN is ON and ICB is up and Ready 2. ICB is flashed with T20M6 variant code 3. ICB language is set to "English" (UK-English) 4. Phone1 (iOS) is available to connect as Wireless CarPlay to ICB 5. Home screen is active | H53: 1. Go to "General Settings" -> Select "Connections" -> Select "Manage Device Connections" | K53: CarPlay | L53: Document Name: FCP_management_table_14-8155-s34-dev.xlsx Version : 215512 Section: Sheet/T20T/CARPLAYWIFI2G and CARPLAYWIFI5G Reference: QA- PJ01SUP00-44440 | M53: SWT_PJ, R1418 | N53: A14 | O53: T20T | P53: MA | Q53: T20M6 | R53: SWT1-2 | S53: Variant Test | T53: iPhone, ADB Cable | U53: R1418 | V53: ー | W53: Draft | X53: Normal | Y53: JIRAUSER25009 | Z53: /A14/FCP Validation TCs/T20T/CarPlay/Variant Test | AB53: Shivani | AC53: Ankush | AD53: 3. Test data is missing | AE53: Rework Review | AF53: Pravin | AG53: No review comment | AH53: Finalized | AM53: Pass | AQ53: Niharika
H54: 2. Select "Connect New Device"
H55: 3. Select "Search for Devices"
H56: 4. Select Phone1 from Device List
H57: 5. Accept pairing request from the device side
H58: 6. Select 'Yes' on CarPlay Disclaimer screen | J58: After Step 6, CarPlay projection screen should be displayed
H59: 7. Go to Settings -> Advanced Settings -> System -> About -> Click on Build Number on 5 times -> Enter developer option password -> Back -> Developer option -> Enable USB Debugging Mode and USB Mode Setting enable
H60: 8. Go to extracted adb folder and enter command prompt by entering "cmd" in adb folder's path
H61: 9. Enter "adb devices" and check under "List of devices attached"
H62: 10. Enter "adb bugreport"
H63: 11. Extract "bugreport" folder
H64: 12. Open "bugreport" log file
H65: 13. Search for "hostapd : wlan2" in adb bugreport file | I65: #VALUE! | J65: After step 13, freq=“5XXX” should be displayed in adb logs as per attached test data
A66: 25 | B66: ー | C66: SR-070300-AndroidAuto-06 | D66: KPIT_VRNT_PJ02FEA10-504_7906 | E66: [SWT][KPIT_VRNT_PJ02FEA10-504_7906][Android Auto] | F66: To verify Android Auto projection screen is displayed when Wired Android Auto device is connected to ICB while ICB is flashed with T20M6 variant code | G66: 1. IGN is ON and ICB is up and Ready 2. ICB is flashed with T20M6 variant code 3. ICB language is set to "English" (UK-English) 4. Phone1 (Android) is available to be paired for the first time 5. Microphone setting is turned "ON" 6. All permissions to use Android Auto are allowed 7. Home screen is active | H66: 1. Connect Phone1 to ICB via USB | K66: Android Auto | L66: Document Name: FCP_management_table_14-8155-s34-dev.xlsx Version : 215512 Section: Sheet/T20T/ANDROIDAUTOUSB | M66: SWT_PJ, R1418 | N66: A14 | O66: T20T | P66: MA | Q66: T20M6 | R66: SWT1-2 | S66: Variant Test | T66: Android Phone, USB Box | U66: R1418 | V66: ー | W66: Draft | X66: Normal | Y66: JIRAUSER25009 | Z66: /A14/FCP Validation TCs/T20T/Android Auto/Variant Test | AB66: Shivani | AC66: Ankush | AD66: No review comment | AE66: Finalized | AF66: Pravin | AG66: 2. Required HW- USB Box | AH66: Rework Needed | AM66: Pass | AQ66: Shivani
H67: 2. Select "Yes" on Android Auto Disclaimer screen and provide necessary permissions from device side | J67: After step 2, Android Auto Projection screen should be displayed
A68: 26 | B68: ー | C68: SR-070300-AndroidAuto-17 | D68: KPIT_VRNT_PJ02FEA10-504_7907 | E68: [SWT][KPIT_VRNT_PJ02FEA10-504_7907][Android Auto] | F68: To verify Android Auto projection screen is displayed when Android Auto is selected on Home screen while Wired Android Auto is connected and ICB is flashed with T20M6 variant code | G68: 1. IGN is ON and ICB is up and Ready 2. ICB is flashed with T20M6 variant code 3. ICB language is set to "English" (UK-English) 4. Phone1 (Android) is connected to ICB as Wired Android Auto 5. Home screen is active | H68: 1. Go to "Android Auto" | J68: After step 1, Android Auto Projection screen should be displayed | K68: Android Auto | L68: Document Name: FCP_management_table_14-8155-s34-dev.xlsx Version : 215512 Section: Sheet/T20T/ANDROIDAUTOUSB | M68: SWT_PJ, R1418 | N68: A14 | O68: T20T | P68: MA | Q68: T20M6 | R68: SWT1-2 | S68: Variant Test | T68: Android Phone, USB Box | U68: R1418 | V68: ー | W68: Draft | X68: Normal | Y68: JIRAUSER25009 | Z68: /A14/FCP Validation TCs/T20T/Android Auto/Variant Test | AB68: Shivani | AC68: Ankush | AD68: No review comment | AE68: Finalized | AF68: Pravin | AG68: 2. Required HW- USB Box | AH68: Rework Needed | AM68: Pass | AQ68: Shivani
A69: 27 | B69: ー | C69: SR-070300-AndroidAuto-17 | D69: KPIT_VRNT_PJ02FEA10-504_7908 | E69: [SWT][KPIT_VRNT_PJ02FEA10-504_7908][Android Auto] | F69: To verify Android Auto Projection screen is displayed when Android Auto is selected from MCS while Wired Android Auto is connected and ICB is flashed with T20M6 variant code | G69: 1. IGN is ON and ICB is up and Ready 2. ICB is flashed with T20M6 variant code 3. ICB language is set to "English" (UK-English) 4. Phone1 (Android) is connected to ICB as Wired Android Auto 5. Android Auto shortcut is available on MCS 6. Home screen is active | H69: 1. Select "Android Auto" on MCS | J69: After step 1, Android Auto Projection screen should be displayed | K69: Android Auto | L69: Document Name: FCP_management_table_14-8155-s34-dev.xlsx Version : 215512 Section: Sheet/T20T/ANDROIDAUTOUSB | M69: SWT_PJ, R1418 | N69: A14 | O69: T20T | P69: MA | Q69: T20M6 | R69: SWT1-2 | S69: Variant Test | T69: Android Phone, USB Box | U69: R1418 | V69: ー | W69: Draft | X69: Normal | Y69: JIRAUSER25009 | Z69: /A14/FCP Validation TCs/T20T/Android Auto/Variant Test | AB69: Shivani | AC69: Ankush | AD69: No review comment | AE69: Finalized | AF69: Pravin | AG69: 2. Required HW- USB Box | AH69: Rework Needed | AM69: Pass | AQ69: Shivani
A70: 28 | B70: ー | C70: SR-070300-AndroidAuto-06 | D70: KPIT_VRNT_PJ02FEA10-504_7909 | E70: [SWT][KPIT_VRNT_PJ02FEA10-504_7909][Android Auto] | F70: To verify Android Auto projection screen is displayed when Wireless Android Auto device is connected to ICB while ICB is flashed with T20M6 variant code | G70: 1. IGN is ON and ICB is up and Ready 2. ICB is flashed with T20M6 variant code 3. ICB language is set to "English" (UK-English) 4. Phone1 (Android) is available to connect as Wireless Android Auto for the first time 5. Home screen is active | H70: 1. Go to "General Settings" -> Select "Connections" -> Select "Manage Device Connections" | K70: Android Auto | L70: Document Name: FCP_management_table_14-8155-s34-dev.xlsx Version : 215512 Section: Sheet/T20T/ANDROIDAUTOWIFI5G Reference: QA- PJ01SUP00-44440 | M70: SWT_PJ, R1418 | N70: A14 | O70: T20T | P70: MA | Q70: T20M6 | R70: SWT1-2 | S70: Variant Test | T70: Android Phone | U70: R1418 | V70: ー | W70: Draft | X70: Normal | Y70: JIRAUSER25009 | Z70: /A14/FCP Validation TCs/T20T/Android Auto/Variant Test | AB70: Shivani | AC70: Ankush | AD70: No review comment | AE70: Finalized | AF70: Pravin | AG70: No review comment | AH70: Finalized | AM70: Pass | AQ70: Shivani
H71: 2. Select "Connect New Device"
H72: 3. Select "Search for Devices"
H73: 4. Select Phone1 from Device List
H74: 5. Accept pairing request from the device side
H75: 6. Select 'Yes' on Android Auto Disclaimer screen | J75: After step 6, Android Auto Projection screen should be displayed
A76: 29 | B76: ー | C76: SR-170400-PersonalSettings-19 | D76: KPIT_VRNT_PJ02FEA10-504_7910 | E76: [SWT][KPIT_VRNT_PJ02FEA10-504_7910][Personal Setting] | F76: To verify "Finish Profile Setup" option is grayed out on "Manage Profile" screen when driver restriction is enabled while ICB is flashed with T20M6 variant code | G76: 1. IGN is ON and ICB is up and Ready 2. ICB is flashed with T20M6 variant code 3. ICB language is set to "English" (UK-English) 4. "Owner" as Admin user is currently logged-in (Profile Setting -> Change Profile -> Select "Owner") 5. Profile Setup is incomplete for Owner 6. DD VSP Error is ON (Dealer Diag -> Detail information & setting ->Developer Diagnosis -> vehicle model information -> DD VSP Error) 7. CANTOOL A1 is connected to ICB 8. Direct Line (Zika line) is connected to ICB 9. Manage Profile screen is active | H76: 1. Send the following BCAN signal to ICB Transmitter: BCM Receiver: NAVI CAN ID: 12F81018 Frame name: MICU_BCM Signal name: C_IG1 Value: 1 Layout: 0.3-0.3 Cycle time: 300ms Contents: IG1 Power Supply (ON) | K76: Personal Setting | L76: Document Name: FCP_management_table_14-8155-s34-dev.xlsx Version : 215512 Section: Sheet/T20T/DDP | M76: SWT_PJ, R1418 | N76: A14 | O76: T20T | P76: MA | Q76: T20M6 | R76: SWT1-2 | S76: Variant Test | T76: CANTOOL A1 | U76: R1418 | V76: ー | W76: Draft | X76: Normal | Y76: JIRAUSER25009 | Z76: /A14/FCP Validation TCs/T20T/Personal Setting/Variant Test | AB76: Shivani | AC76: Ankush | AD76: No review comment | AE76: Finalized | AF76: Pravin | AG76: No review comment | AH76: Finalized | AJ76: ok | AM76: Pass | AQ76: Shivani
H77: 2. Send the following BCAN signal to ICB Transmitter: METER Receiver: NAVI CAN ID: 12F85150 Frame name: AT Signal name: C_ATD Value: 1 Layout: 0.1-0.0 Cycle time: 300ms Contents: AT position D is set
H78: 3. Send the following BCAN signal to ICB Transmitter: METER Receiver: NAVI CAN ID: 12F85150 Frame name: AT Signal name: C_IG1METER Value: 1 Layout: 1.0-1.0 Cycle time: 300ms Contents: C_IG1METER is set to ON (IG1 power supply Chattering absorption is not performed)
H79: 4. Send the following BCAN signal to ICB Transmitter: METER Receiver: NAVI CAN ID: 12F81018 Frame name: VSPNE Signal name: C_VSP Value: 9 Layout: 0.7-0.0 Cycle time: 100ms Contents: Vehicle in motion: Vehicle speed 9km/h
H80: 5. Set Direct Line vehicle speed value to 9km/hr | J80: After step 5, "Finish Profile Setup" option should be grayed out on "Manage Profile" screen
A81: 30 | B81: ー | C81: SR-180300-BTS-10 | D81: KPIT_VRNT_PJ02FEA10-504_7911 | E81: [SWT][KPIT_VRNT_PJ02FEA10-504_7911][Bluetooth] | F81: To verify "This function is not available while the vehicle is in motion" driving restriction popup is displayed and Registered device list screen is displayed when vehicle speed is increased while pairing standby screen is active and ICB is flashed with T20M6 variant code | G81: 1. IGN is ON and ICB is up and Ready 2. ICB is flashed with T20M6 variant code 3. ICB language is set to "English" (UK-English) 4. CANTOOL A1 is connected to ICB 5. Direct Line (Zika line) is connected to ICB 6. DD VSP Error is ON (Dealer Diag -> Detail information & setting -> Developer Diagnosis -> vehicle model information -> DD VSP Error) 7. Pairing standby screen is active (General Setting -> Connections -> Manage device connections -> Connect New Device) | H81: 1. Send the following BCAN signal to ICB Transmitter: BCM Receiver: NAVI CAN ID: 12F81018 Frame name: MICU_BCM Signal name: C_IG1 Value: 1 Layout: 0.3-0.3 Cycle time: 300ms Contents: IG1 Power Supply (ON) | K81: Bluetooth | L81: Document Name : ScreenDisplaySpecification_BTS_R1409_EN.zip Version : R1409.000.0 Section : /html/function/CMC_BT_003/CMC_BT_003.html Document Name: FCP_management_table_14-8155-s34-dev.xlsx Version : 215512 Section: Sheet/T20T/DDP | M81: SWT_PJ, R1418 | N81: A14 | O81: T20T | P81: MA | Q81: T20M6 | R81: SWT1-2 | S81: Variant Test | T81: CANTOOL A1 | U81: R1418 | V81: ー | W81: Draft | X81: Normal | Y81: JIRAUSER25009 | Z81: /A14/FCP Validation TCs/T20T/Bluetooth/Variant Test | AB81: Shivani | AC81: Ankush | AD81: No review comment | AE81: Finalized | AF81: Pravin | AG81: No review comment | AH81: Finalized | AM81: Pass | AQ81: Shivani
H82: 2. Send the following BCAN signal to ICB Transmitter: METER Receiver: NAVI CAN ID: 12F85150 Frame name: AT Signal name: C_ATD Value: 1 Layout: 0.1-0.0 Cycle time: 300ms Contents: AT position D is set
H83: 3. Send the following BCAN signal to ICB Transmitter: METER Receiver: NAVI CAN ID: 12F85150 Frame name: AT Signal name: C_IG1METER Value: 1 Layout: 1.0-1.0 Cycle time: 300ms Contents: C_IG1METER is set to ON (IG1 power supply Chattering absorption is not performed)
H84: 4. Send the following BCAN signal Transmitter: METER Receiver: NAVI CAN ID: 12F81018 Frame name: VSPNE Signal name: C_VSP Value: 9 Layout: 0.7-0.0 Cycle time: 100ms Contents: Vehicle in motion: Vehicle speed 9km/h
H85: 5.Set Direct Line vehicle speed value to 9km/hr | J85: After step 5, "This function is not available while the vehicle is in motion" popup should be displayed and Registered device screen should be displayed
A86: 31 | B86: ー | C86: SR-180300-BTS-10 | D86: KPIT_VRNT_PJ02FEA10-504_7912 | E86: [SWT][KPIT_VRNT_PJ02FEA10-504_7912][Bluetooth] | F86: To verify "Delete Device" button is grayed out on the Bluetooth connection selection screen when the vehicle speed is increased above 8 kmph while ICB is flashed with T20M6 variant code | G86: 1. IGN is ON and ICB is up and Ready 2. ICB is flashed with T20M6 variant code 3. ICB language is set to "English" (UK-English) 4. CANTOOL A1 is connected to ICB 5. Direct Line (Zika line) is connected to ICB 6. Phone1 is connected to ICB via Bluetooth 7. DD VSP Error is ON (Dealer Diag -> Detail information & setting -> Developer Diagnosis -> vehicle model information -> DD VSP Error) 8. Home screen is active | H86: 1. Send the following BCAN signal to ICB Transmitter: BCM Receiver: NAVI CAN ID: 12F81018 Frame name: MICU_BCM Signal name: C_IG1 Value: 1 Layout: 0.3-0.3 Cycle time: 300ms Contents: IG1 Power Supply (ON) | K86: Bluetooth | L86: Document Name : ScreenDisplaySpecification_BTS_R1409_EN.zip Version : R1409.000.0 Section : /html/function/CMC_BT_001/CMC_BT_001.html Document Name: FCP_management_table_14-8155-s34-dev.xlsx Version : 215512 Section: Sheet/T20T/DDP | M86: SWT_PJ, R1418 | N86: A14 | O86: T20T | P86: MA | Q86: T20M6 | R86: SWT1-2 | S86: Variant Test | T86: CANTOOL A1 | U86: R1418 | V86: ー | W86: Draft | X86: Normal | Y86: JIRAUSER25009 | Z86: /A14/FCP Validation TCs/T20T/Bluetooth/Variant Test | AB86: Shivani | AC86: Ankush | AD86: No review comment | AE86: Finalized | AF86: Pravin | AG86: No review comment | AH86: Finalized | AM86: Pass | AQ86: Shivani
H87: 2. Send the following BCAN signal to ICB Transmitter: METER Receiver: NAVI CAN ID: 12F85150 Frame name: AT Signal name: C_ATD Value: 1 Layout: 0.1-0.0 Cycle time: 300ms Contents: AT position D is set
H88: 3. Send the following BCAN signal to ICB Transmitter: METER Receiver: NAVI CAN ID: 12F85150 Frame name: AT Signal name: C_IG1METER Value: 1 Layout: 1.0-1.0 Cycle time: 300ms Contents: C_IG1METER is set to ON (IG1 power supply Chattering absorption is not performed)
H89: 4. Send the following BCAN signal Transmitter: METER Receiver: NAVI CAN ID: 12F81018 Frame name: VSPNE Signal name: C_VSP Value: 9 Layout: 0.7-0.0 Cycle time: 100ms Contents: Vehicle in motion: Vehicle speed 9km/h
H90: 5. Set Direct Line vehicle speed value to 9km/hr
H91: 6. Select Phone1 on Manage device connection screen (General settings -> Connection -> Manage Device Connection -> Select Phone1) | J91: After step 6, "Delete Device" button should be grayed out on the Bluetooth connection selection screen
A92: 32 | B92: ー | C92: SR-220100-DriverDistraction-05 | D92: KPIT_VRNT_PJ02FEA10-504_7913 | E92: [SWT][KPIT_VRNT_PJ02FEA10-504_7913][Driver Distraction] | F92: To verify ""This function is not available while the vehicle is in motion." " driving restriction popup is displayed when ""Connect New Device"" is selected from registered device list while vehicle speed is above 8 kmph and ICB is flashed with T20M6 variant code | G92: 1. IGN is ON and ICB is up and Ready 2. ICB is flashed with T20M6 variant code 3. ICB language is set to "English" (UK-English) 4. CANTOOL A1 is connected to ICB 5. Direct Line (Zika line) is connected to ICB 6. DD VSP Error is ON (Dealer Diag -> Detail information & setting -> Developer Diagnosis -> vehicle model information -> DD VSP Error) 7. Home Screen is active | H92: 1. Send the following BCAN signal to ICB Transmitter: BCM Receiver: NAVI CAN ID: 12F81018 Frame name: MICU_BCM Signal name: C_IG1 Value: 1 Layout: 0.3-0.3 Cycle time: 300ms Contents: IG1 Power Supply (ON) | K92: Driver Distraction | L92: Document Name: FCP_management_table_14-8155-s34-dev.xlsx Version : 215512 Section: Sheet/T20T/DDP | M92: SWT_PJ, R1418 | N92: A14 | O92: T20T | P92: MA | Q92: T20M6 | R92: SWT1-2 | S92: Variant Test | T92: CANTOOL A1 | U92: R1418 | V92: ー | W92: Draft | X92: Normal | Y92: JIRAUSER25009 | Z92: /A14/FCP Validation TCs/T20T/Driver Distraction/Variant Test | AB92: Shivani | AC92: Ankush | AD92: No review comment | AE92: Finalized | AF92: Pravin | AG92: No review comment | AH92: Finalized | AJ92: ok | AM92: Pass | AQ92: Shivani
H93: 2. Send the following BCAN signal to ICB Transmitter: METER Receiver: NAVI CAN ID: 12F85150 Frame name: AT Signal name: C_ATD Value: 1 Layout: 0.1-0.0 Cycle time: 300ms Contents: AT position D is set
H94: 3. Send the following BCAN signal to ICB Transmitter: METER Receiver: NAVI CAN ID: 12F85150 Frame name: AT Signal name: C_IG1METER Value: 1 Layout: 1.0-1.0 Cycle time: 300ms Contents: C_IG1METER is set to ON (IG1 power supply Chattering absorption is not performed)
H95: 4. Send the following BCAN signal Transmitter: METER Receiver: NAVI CAN ID: 12F81018 Frame name: VSPNE Signal name: C_VSP Value: 9 Layout: 0.7-0.0 Cycle time: 100ms Contents: Vehicle in motion: Vehicle speed 9km/h
H96: 5.Set Direct Line vehicle speed value to 9km/hr
H97: 6. Go to "General Settings"
H98: 7. Select "Connections"
H99: 8. Select "Manage Device Connections"
H100: 9. Select "+ Connect New Device" | J100: After step 9, "This function is not available while the vehicle is in motion." popup should be displayed
...

Sheet Sheet1
B2: 1 | C2: KPIT_VRNT_PJ02FEA10-504_7882 | D2: =VLOOKUP(B2,T20M6!A:K,12,2) -> #REF! | E2: [SWT] | F2: [SWT][KPIT_VRNT_PJ02FEA10-504_7882][System UI]
B3: 2 | C3: KPIT_VRNT_PJ02FEA10-504_7883 | D3: =VLOOKUP(B3,T20M6!A:K,12,2) -> #REF! | E3: [SWT] | F3: [SWT][KPIT_VRNT_PJ02FEA10-504_7883][PowerFlow]
B4: 3 | C4: KPIT_VRNT_PJ02FEA10-504_7884 | D4: =VLOOKUP(B4,T20M6!A:K,12,2) -> #REF! | E4: [SWT] | F4: [SWT][KPIT_VRNT_PJ02FEA10-504_7884][Analog Radio]
B5: 4 | C5: KPIT_VRNT_PJ02FEA10-504_7885 | D5: =VLOOKUP(B5,T20M6!A:K,12,2) -> #REF! | E5: [SWT] | F5: [SWT][KPIT_VRNT_PJ02FEA10-504_7885][Analog Radio]
B6: 5 | C6: KPIT_VRNT_PJ02FEA10-504_7886 | D6: =VLOOKUP(B6,T20M6!A:K,12,2) -> #REF! | E6: [SWT] | F6: [SWT][KPIT_VRNT_PJ02FEA10-504_7886][Analog Radio]
B7: 6 | C7: KPIT_VRNT_PJ02FEA10-504_7887 | D7: =VLOOKUP(B7,T20M6!A:K,12,2) -> #REF! | E7: [SWT] | F7: [SWT][KPIT_VRNT_PJ02FEA10-504_7887][Analog Radio]
B8: 7 | C8: KPIT_VRNT_PJ02FEA10-504_7888 | D8: =VLOOKUP(B8,T20M6!A:K,12,2) -> #REF! | E8: [SWT] | F8: [SWT][KPIT_VRNT_PJ02FEA10-504_7888][Analog Radio]
B9: 8 | C9: KPIT_VRNT_PJ02FEA10-504_7889 | D9: =VLOOKUP(B9,T20M6!A:K,12,2) -> #REF! | E9: [SWT] | F9: [SWT][KPIT_VRNT_PJ02FEA10-504_7889][Analog Radio]
B10: 9 | C10: KPIT_VRNT_PJ02FEA10-504_7890 | D10: =VLOOKUP(B10,T20M6!A:K,12,2) -> #REF! | E10: [SWT] | F10: [SWT][KPIT_VRNT_PJ02FEA10-504_7890][Analog Radio]
B11: 10 | C11: KPIT_VRNT_PJ02FEA10-504_7891 | D11: =VLOOKUP(B11,T20M6!A:K,12,2) -> #REF! | E11: [SWT] | F11: [SWT][KPIT_VRNT_PJ02FEA10-504_7891][Analog Radio]
B12: 11 | C12: KPIT_VRNT_PJ02FEA10-504_7892 | D12: =VLOOKUP(B12,T20M6!A:K,12,2) -> #REF! | E12: [SWT] | F12: [SWT][KPIT_VRNT_PJ02FEA10-504_7892][Analog Radio]
B13: 12 | C13: KPIT_VRNT_PJ02FEA10-504_7893 | D13: =VLOOKUP(B13,T20M6!A:K,12,2) -> #REF! | E13: [SWT] | F13: [SWT][KPIT_VRNT_PJ02FEA10-504_7893][Analog Radio]
... B140: 139 | C140: KPIT_VRNT_PJ02FEA10-504_8020 | D140: =VLOOKUP(B140,T20M6!A:K,12,2) -> #REF! | E140: [SWT] | F140: [SWT][KPIT_VRNT_PJ02FEA10-504_8020][ー]

Sheet Tracebility
C2: T20Y6(R1) | D2: T20Y7(R1) | E2: T20Y8(R1) | F2: T20M6(S1) MA Region | H2: TC Created
A3: HANDLE | B3: FCP_H_CAR_HANDLE_E | C3: LEFT | D3: LEFT | E3: LEFT | F3: RIGHT | G3: Execute | H3: Yes | J3: =_xlfn.CONCAT(B3,"=",F3) -> FCP_H_CAR_HANDLE_E=RIGHT
A4: ENGTYPE | B4: FCP_H_CAR_ENGTYPE_E | C4: GAS | D4: GAS | E4: GAS | F4: FHEV | G4: Execute | H4: Yes | J4: =_xlfn.CONCAT(B4,"=",F4) -> FCP_H_CAR_ENGTYPE_E=FHEV
A5: BAND | B5: FCP_H_RADIO_BAND_E | C5: GENERAL | D5: GENERAL | E5: GENERAL | F5: GENERAL | G5: Execute | H5: Yes | J5: =_xlfn.CONCAT(B5,"=",F5) -> FCP_H_RADIO_BAND_E=GENERAL
A6: DATA | B6: FCP_H_RADIO_DATA_E | C6: RDS_OFF | D6: RDS_OFF | E6: RDS_OFF | F6: NONE | G6: Execute | H6: Yes | J6: =_xlfn.CONCAT(B6,"=",F6) -> FCP_H_RADIO_DATA_E=NONE
A7: DIGITAL | B7: FCP_H_RADIO_DIGITAL_E | C7: DAB_UAE | D7: DAB_UAE | E7: DAB_UAE | F7: NONE | G7: Execute | H7: Yes | J7: =_xlfn.CONCAT(B7,"=",F7) -> FCP_H_RADIO_DIGITAL_E=NONE
A8: SXM | B8: FCP_H_RADIO_SXM_E | C8: NONE | D8: NONE | E8: NONE | F8: NONE | G8: Design Assurance | H8: NA | J8: =_xlfn.CONCAT(B8,"=",F8) -> FCP_H_RADIO_SXM_E=NONE
A9: ANTITHEFT | B9: FCP_H_CAR_ANTITHEFT_B | C9: FALSE | D9: FALSE | E9: FALSE | F9: FALSE | G9: Execute | H9: Yes | J9: =_xlfn.CONCAT(B9,"=",F9) -> FCP_H_CAR_ANTITHEFT_B=FALSE
A10: REAR | B10: FCP_H_CAM_REAR_E | C10: NONE | D10: WIDE | E10: WIDE | F10: WIDE | G10: Execute | H10: Yes | J10: =_xlfn.CONCAT(B10,"=",F10) -> FCP_H_CAM_REAR_E=WIDE
A11: LWC | B11: FCP_H_CAM_LWC_E | C11: NONE | D11: NONE | E11: ASSISTANT | F11: ASSISTANT | G11: Execute | H11: Yes | J11: =_xlfn.CONCAT(B11,"=",F11) -> FCP_H_CAM_LWC_E=ASSISTANT
A12: USBPORT | B12: FCP_H_INPUT_USBPORT_IA | C12: {0x024f} | D12: {0x024f} | E12: {0x024f} | F12: {0x024f} | G12: Design Assurance | H12: NA | J12: =_xlfn.CONCAT(B12,"=",F12) -> FCP_H_INPUT_USBPORT_IA={0x024f}
A13: CARPLAYUSB | B13: FCP_H_APL_CARPLAYUSB_B | C13: TRUE | D13: TRUE | E13: TRUE | F13: TRUE | G13: Execute | H13: Yes | J13: =_xlfn.CONCAT(B13,"=",F13) -> FCP_H_APL_CARPLAYUSB_B=TRUE
A14: CARPLAYWIFI2G | B14: FCP_H_APL_CARPLAYWIFI2G_B | C14: FALSE | D14: FALSE | E14: FALSE | F14: FALSE | G14: Execute | H14: Yes | J14: =_xlfn.CONCAT(B14,"=",F14) -> FCP_H_APL_CARPLAYWIFI2G_B=FALSE
A15: CARPLAYWIFI5G | B15: FCP_H_APL_CARPLAYWIFI5G_B | C15: TRUE | D15: TRUE | E15: TRUE | F15: TRUE | G15: Execute | H15: Yes | J15: =_xlfn.CONCAT(B15,"=",F15) -> FCP_H_APL_CARPLAYWIFI5G_B=TRUE
A16: ANDROIDAUTOUSB | B16: FCP_H_GGL_ANDROIDAUTOUSB_B | C16: TRUE | D16: TRUE | E16: TRUE | F16: TRUE | G16: Execute | H16: Yes | J16: =_xlfn.CONCAT(B16,"=",F16) -> FCP_H_GGL_ANDROIDAUTOUSB_B=TRUE
A17: ANDROIDAUTOWIFI5G | B17: FCP_H_GGL_ANDROIDAUTOWIFI5G_B | C17: TRUE | D17: TRUE | E17: TRUE | F17: TRUE | G17: Execute | H17: Yes | J17: =_xlfn.CONCAT(B17,"=",F17) -> FCP_H_GGL_ANDROIDAUTOWIFI5G_B=TRUE
A18: DDP | B18: FCP_H_CAR_DDP_E | C18: ROW | D18: ROW | E18: ROW | F18: ROW | G18: Execute | H18: Yes | J18: =_xlfn.CONCAT(B18,"=",F18) -> FCP_H_CAR_DDP_E=ROW
A19: REMOTE | B19: FCP_H_RADIO_REMOTE_B | C19: FALSE | D19: FALSE | E19: FALSE | F19: FALSE | G19: Execute | H19: ADB Log | J19: =_xlfn.CONCAT(B19,"=",F19) -> FCP_H_RADIO_REMOTE_B=FALSE
A20: SUBW | B20: FCP_H_SOUND_SUBW_B | C20: FALSE | D20: FALSE | E20: FALSE | F20: FALSE | G20: Execute | H20: Yes | J20: =_xlfn.CONCAT(B20,"=",F20) -> FCP_H_SOUND_SUBW_B=FALSE
A21: FADER | B21: FCP_H_SOUND_FADER_B | C21: TRUE | D21: TRUE | E21: TRUE | F21: TRUE | G21: Execute | H21: Yes | J21: =_xlfn.CONCAT(B21,"=",F21) -> FCP_H_SOUND_FADER_B=TRUE
A22: BALANCE | B22: FCP_H_SOUND_BALANCE_B | C22: TRUE | D22: TRUE | E22: TRUE | F22: TRUE | G22: Execute | H22: Yes | J22: =_xlfn.CONCAT(B22,"=",F22) -> FCP_H_SOUND_BALANCE_B=TRUE
A23: AUDIOZONE | B23: FCP_H_SOUND_AUDIOZONE_B | C23: TRUE | D23: TRUE | E23: TRUE | F23: TRUE | G23: Execute | H23: Yes | J23: =_xlfn.CONCAT(B23,"=",F23) -> FCP_H_SOUND_AUDIOZONE_B=TRUE
A24: EXTAMP | B24: FCP_H_SOUND_EXTAMP_B | C24: TRUE | D24: TRUE | E24: TRUE | F24: TRUE | G24: Execute | H24: Yes | J24: =_xlfn.CONCAT(B24,"=",F24) -> FCP_H_SOUND_EXTAMP_B=TRUE
A25: SURROUND | B25: FCP_H_SOUND_SURROUND_E | C25: BOSE_CTRPOINT | D25: BOSE_CTRPOINT | E25: BOSE_CTRPOINT | F25: BOSE_CTRPOINT | G25: Execute | H25: Yes | J25: =_xlfn.CONCAT(B25,"=",F25) -> FCP_H_SOUND_SURROUND_E=BOSE_CTRPOINT
A26: OPENING | B26: FCP_H_STARTUP_OPENING_E | C26: HMARK | D26: HMARK | E26: HMARK | F26: HMARK | G26: Execute | H26: Yes | J26: =_xlfn.CONCAT(B26,"=",F26) -> FCP_H_STARTUP_OPENING_E=HMARK
A27: ETC | B27: FCP_H_V2X_ETC_E | C27: NONE | D27: NONE | E27: NONE | F27: NONE | G27: Execute | H27: Yes | J27: =_xlfn.CONCAT(B27,"=",F27) -> FCP_H_V2X_ETC_E=NONE
A28: MANUFACTURER | B28: FCP_H_APL_MANUFACTURER_S | C28: "HONDA/00_T20Y6" | D28: "HONDA/00_T20Y7" | E28: "HONDA/00_T20Y8" | F28: "HONDA/00_T20M6" | G28: Execute | H28: ADB Log | J28: =_xlfn.CONCAT(B28,"=",F28) -> FCP_H_APL_MANUFACTURER_S="HONDA/00_T20M6"
A29: MY | B29: FCP_H_GGL_MY_I | C29: 2027 | D29: 2027 | E29: 2027 | F29: 2027 | G29: Execute | H29: Yes | J29: =_xlfn.CONCAT(B29,"=",F29) -> FCP_H_GGL_MY_I=2027
A30: MODEL | B30: FCP_H_GGL_MODEL_S | C30: "T20" | D30: "T20" | E30: "T20" | F30: "T20" | G30: Execute | H30: Yes | J30: =_xlfn.CONCAT(B30,"=",F30) -> FCP_H_GGL_MODEL_S="T20"
A31: PROTOCOLPANDORA | B31: FCP_H_EAP_PROTOCOLPANDORA_S | C31: "" | D31: "" | E31: "" | F31: "" | G31: Design Assurance | H31: NA | J31: =_xlfn.CONCAT(B31,"=",F31) -> FCP_H_EAP_PROTOCOLPANDORA_S=""
A32: PROTOCOLLINKMANAGER | B32: FCP_H_EAP_PROTOCOLLINKMANAGER_S | C32: "com.honda.hondalink.hlc" | D32: "com.honda.hondalink.hlc" | E32: "com.honda.hondalink.hlc" | F32: "" | G32: Design Assurance | H32: NA | J32: =_xlfn.CONCAT(B32,"=",F32) -> FCP_H_EAP_PROTOCOLLINKMANAGER_S=""
A33: VE | B33: FCP_H_EAP_VE_B | C33: TRUE | D33: TRUE | E33: TRUE | F33: TRUE | G33: Execute | H33: Yes | J33: =_xlfn.CONCAT(B33,"=",F33) -> FCP_H_EAP_VE_B=TRUE
A34: PANDORA | B34: FCP_H_EAP_PANDORA_B | C34: FALSE | D34: FALSE | E34: FALSE | F34: FALSE | G34: Design Assurance | H34: NA | J34: =_xlfn.CONCAT(B34,"=",F34) -> FCP_H_EAP_PANDORA_B=FALSE
A35: LINKMANAGER | B35: FCP_H_EAP_LINKMANAGER_B | C35: FALSE | D35: FALSE | E35: FALSE | F35: FALSE | G35: Execute | H35: Yes | J35: =_xlfn.CONCAT(B35,"=",F35) -> FCP_H_EAP_LINKMANAGER_B=FALSE
A36: PARAMERFILE | B36: FCP_H_OTHER_PARAMERFILE_S | C36: T20Y6.json | D36: T20Y7.json | E36: T20Y8.json | F36: T20M6.json | G36: Execute | H36: ADB Log | J36: =_xlfn.CONCAT(B36,"=",F36) -> FCP_H_OTHER_PARAMERFILE_S=T20M6.json
A37: ENABLE | B37: FCP_H_DTV_ENABLE_B | C37: FALSE | D37: FALSE | E37: FALSE | F37: FALSE | G37: Execute | H37: Yes | J37: =_xlfn.CONCAT(B37,"=",F37) -> FCP_H_DTV_ENABLE_B=FALSE
A38: AM | B38: FCP_H_RADIO_AM_B | C38: TRUE | D38: TRUE | E38: TRUE | F38: TRUE | G38: Execute | H38: Yes | J38: =_xlfn.CONCAT(B38,"=",F38) -> FCP_H_RADIO_AM_B=TRUE
A39: ACCESSORYMODEL | B39: FCP_H_APL_ACCESSORYMODEL_S | C39: "T20" | D39: "T20" | E39: "T20" | F39: "T20" | G39: Execute | H39: ADB Log | J39: =_xlfn.CONCAT(B39,"=",F39) -> FCP_H_APL_ACCESSORYMODEL_S="T20"
A40: LANG_DEFALUT | B40: FCP_H_LOCALE_LANG_DEFALUT_S | C40: "ar-SA" | D40: "ar-SA" | E40: "ar-SA" | F40: "en-GB" | G40: Execute | H40: Yes | J40: =_xlfn.CONCAT(B40,"=",F40) -> FCP_H_LOCALE_LANG_DEFALUT_S="en-GB"
A41: LANG_SUPPORT | B41: FCP_H_LOCALE_LANG_SUPPORT_SA | C41: {"en-GB","ar-SA"} | D41: {"en-GB","ar-SA"} | E41: {"en-GB","ar-SA"} | F41: {"en-GB","fr-CA","es-MX","zh-Hant-MO","in-ID","th-TH"} | G41: Execute | H41: Yes | J41: =_xlfn.CONCAT(B41,"=",F41) -> FCP_H_LOCALE_LANG_SUPPORT_SA={"en-GB","fr-CA","es-MX","zh-Hant-MO","in-ID","th-TH"}
A42: KEYOFFTIMER | B42: FCP_H_POWER_KEYOFFTIMER_B | C42: FALSE | D42: FALSE | E42: FALSE | F42: FALSE | G42: Design Assurance | H42: NA | J42: =_xlfn.CONCAT(B42,"=",F42) -> FCP_H_POWER_KEYOFFTIMER_B=FALSE
A43: DISCLAIMER | B43: FCP_H_STARTUP_DISCLAIMER_E | C43: LANG | D43: LANG | E43: LANG | F43: LANG | G43: Execute | H43: Yes | J43: =_xlfn.CONCAT(B43,"=",F43) -> FCP_H_STARTUP_DISCLAIMER_E=LANG
A44: DISCLAIMERAUTO | B44: FCP_H_STARTUP_DISCLAIMERAUTO_B | C44: FALSE | D44: FALSE | E44: FALSE | F44: FALSE | G44: Execute | H44: Yes | J44: =_xlfn.CONCAT(B44,"=",F44) -> FCP_H_STARTUP_DISCLAIMERAUTO_B=FALSE
A45: DISCLAIMERBLACK | B45: FCP_H_STARTUP_DISCLAIMERBLACK_B | C45: TRUE | D45: TRUE | E45: TRUE | F45: TRUE | G45: Execute | H45: Yes | J45: =_xlfn.CONCAT(B45,"=",F45) -> FCP_H_STARTUP_DISCLAIMERBLACK_B=TRUE
A46: SEATROW | B46: FCP_H_CAR_SEATROW_E | C46: TWO_5MEN | D46: TWO_5MEN | E46: TWO_5MEN | F46: TWO_5MEN | G46: Execute | H46: Yes | J46: =_xlfn.CONCAT(B46,"=",F46) -> FCP_H_CAR_SEATROW_E=TWO_5MEN
A47: WUW | B47: FCP_H_SR_WUW_B | C47: TRUE | D47: TRUE | E47: TRUE | F47: TRUE | G47: Execute | H47: Yes | J47: =_xlfn.CONCAT(B47,"=",F47) -> FCP_H_SR_WUW_B=TRUE
A48: V2H | B48: FCP_H_SR_V2H_B | C48: FALSE | D48: FALSE | E48: FALSE | F48: FALSE | G48: Design Assurance | H48: NA | J48: =_xlfn.CONCAT(B48,"=",F48) -> FCP_H_SR_V2H_B=FALSE
A49: BODYSTYLE | B49: FCP_H_CAR_BODYSTYLE_E | C49: SEDAN | D49: SEDAN | E49: SEDAN | F49: SEDAN | G49: Execute | H49: Yes | J49: =_xlfn.CONCAT(B49,"=",F49) -> FCP_H_CAR_BODYSTYLE_E=SEDAN
A50: ENABLEPKG | B50: FCP_H_APPMANAGE_ENABLEPKG_SA | C50: {"com.honda.ivi.am","com.honda.ivi.dab","com.honda.ivi.mapssettings","com.honda.ivi.vmsmediatorservice","com.honda.ivi.telematicscontrolservice","com.honda.ivi.systemupdate","com.honda.ivi.clockFaces"} | D50: {"com.honda.ivi.am","com.honda.ivi.dab","com.honda.ivi.mapssettings","com.honda.ivi.vmsmediatorservice","com.honda.ivi.telematicscontrolservice","com.honda.ivi.systemupdate","com.honda.ivi.clockFaces"} | E50: {"com.honda.ivi.am","com.honda.ivi.dab","com.honda.ivi.mapssettings","com.honda.ivi.vmsmediatorservice","com.honda.ivi.telematicscontrolservice","com.honda.ivi.systemupdate","com.honda.ivi.clockFaces"} | F50: {"com.honda.ivi.mapssettings","com.honda.ivi.vmsmediatorservice","com.honda.ivi.telematicscontrolservice","com.honda.ivi.systemupdate","com.honda.ivi.clockFaces"} | G50: Execute | H50: Yes | J50: =_xlfn.CONCAT(B50,"=",F50) -> FCP_H_APPMANAGE_ENABLEPKG_SA={"com.honda.ivi.mapssettings","com.honda.ivi.vmsmediatorservice","com.honda.ivi.telematicscontrolservice","com.honda.ivi.systemupdate","com.honda.ivi.clockFaces"}
A51: DISABLEPKG | B51: FCP_H_APPMANAGE_DISABLEPKG_SA | C51: {"com.att.hotspot.thrv"} | D51: {"com.att.hotspot.thrv"} | E51: {"com.att.hotspot.thrv"} | F51: {"com.att.hotspot.thrv"} | G51: Execute | H51: Yes | J51: =_xlfn.CONCAT(B51,"=",F51) -> FCP_H_APPMANAGE_DISABLEPKG_SA={"com.att.hotspot.thrv"}
A52: VIRTUALKEY | B52: FCP_H_OTHER_VIRTUALKEY_B | C52: FALSE | D52: FALSE | E52: FALSE | F52: FALSE | G52: Execute | H52: ADB Log | J52: =_xlfn.CONCAT(B52,"=",F52) -> FCP_H_OTHER_VIRTUALKEY_B=FALSE
A53: PART_NUMBER | B53: FCP_X_OTHER_PART_NUMBER_S | C53: "8A501-T20-Y6" | D53: "8A501-T20-Y7" | E53: "8A501-T20-Y8" | F53: "8A501-T20-M6" | G53: Execute | H53: Yes | J53: =_xlfn.CONCAT(B53,"=",F53) -> FCP_X_OTHER_PART_NUMBER_S="8A501-T20-M6"
A54: FCD | B54: FCP_H_HLC_FCD_B | C54: FALSE | D54: FALSE | E54: FALSE | F54: FALSE | G54: Execute | H54: ADB Log | J54: =_xlfn.CONCAT(B54,"=",F54) -> FCP_H_HLC_FCD_B=FALSE
A55: HLC | B55: FCP_H_HLC_HLC_B | C55: TRUE | D55: TRUE | E55: TRUE | F55: TRUE | G55: Execute | H55: ADB Log | J55: =_xlfn.CONCAT(B55,"=",F55) -> FCP_H_HLC_HLC_B=TRUE
A56: WARNLAMP_MSG | B56: FCP_H_HLC_WARNLAMP_MSG_B | C56: FALSE | D56: FALSE | E56: FALSE | F56: FALSE | G56: Execute | H56: ADB Log | J56: =_xlfn.CONCAT(B56,"=",F56) -> FCP_H_HLC_WARNLAMP_MSG_B=FALSE
A57: MAINTE_MINDER | B57: FCP_H_HLC_MAINTE_MINDER_B | C57: FALSE | D57: FALSE | E57: FALSE | F57: FALSE | G57: Execute | H57: ADB Log | J57: =_xlfn.CONCAT(B57,"=",F57) -> FCP_H_HLC_MAINTE_MINDER_B=FALSE
A58: MAINTE_MSG | B58: FCP_H_HLC_MAINTE_MSG_B | C58: FALSE | D58: FALSE | E58: FALSE | F58: FALSE | G58: Execute | H58: ADB Log | J58: =_xlfn.CONCAT(B58,"=",F58) -> FCP_H_HLC_MAINTE_MSG_B=FALSE
A59: LNK_MNG | B59: FCP_H_HLC_LNK_MNG_B | C59: FALSE | D59: FALSE | E59: FALSE | F59: FALSE | G59: Execute | H59: ADB Log | J59: =_xlfn.CONCAT(B59,"=",F59) -> FCP_H_HLC_LNK_MNG_B=FALSE
A60: TOP_MENU | B60: FCP_H_HLC_TOP_MENU_B | C60: FALSE | D60: FALSE | E60: FALSE | F60: FALSE | G60: Execute | H60: ADB Log | J60: =_xlfn.CONCAT(B60,"=",F60) -> FCP_H_HLC_TOP_MENU_B=FALSE
A61: CONNECT_FUNC | B61: FCP_H_HLC_CONNECT_FUNC_B | C61: FALSE | D61: FALSE | E61: FALSE | F61: FALSE | G61: Execute | H61: ADB Log | J61: =_xlfn.CONCAT(B61,"=",F61) -> FCP_H_HLC_CONNECT_FUNC_B=FALSE
A62: HELP_SUPPORT | B62: FCP_H_HLC_HELP_SUPPORT_B | C62: FALSE | D62: FALSE | E62: FALSE | F62: FALSE | G62: Execute | H62: ADB Log | J62: =_xlfn.CONCAT(B62,"=",F62) -> FCP_H_HLC_HELP_SUPPORT_B=FALSE
A63: POI_SETTING | B63: FCP_H_HLC_POI_SETTING_B | C63: FALSE | D63: FALSE | E63: FALSE | F63: FALSE | G63: Execute | H63: ADB Log | J63: =_xlfn.CONCAT(B63,"=",F63) -> FCP_H_HLC_POI_SETTING_B=FALSE
A64: WEATHER | B64: FCP_H_HLC_WEATHER_B | C64: FALSE | D64: FALSE | E64: FALSE | F64: FALSE | G64: Execute | H64: ADB Log | J64: =_xlfn.CONCAT(B64,"=",F64) -> FCP_H_HLC_WEATHER_B=FALSE
A65: MY_SPOT | B65: FCP_H_HLC_MY_SPOT_B | C65: FALSE | D65: FALSE | E65: FALSE | F65: FALSE | G65: Execute | H65: ADB Log | J65: =_xlfn.CONCAT(B65,"=",F65) -> FCP_H_HLC_MY_SPOT_B=FALSE
... A72: HYDRO_STATION | B72: FCP_H_HLC_HYDRO_STATION_B | C72: FALSE | D72: FALSE | E72: FALSE | F72: FALSE | G72: Execute | H72: ADB Log | J72: =_xlfn.CONCAT(B72,"=",F72) -> FCP_H_HLC_HYDRO_STATION_B=FALSE
A73: DPF_PATH | B73: FCP_H_HLC_DPF_PATH_S | C73: "Provisioning_7.xml" | D73: "Provisioning_7.xml" | E73: "Provisioning_7.xml" | F73: Provisioning_3.xml | G73: Execute | H73: ADB Log | J73: =_xlfn.CONCAT(B73,"=",F73) -> FCP_H_HLC_DPF_PATH_S=Provisioning_3.xml
A74: DEFAULT_DATE_FORMAT | B74: FCP_H_LOCALE_DEFAULT_DATE_FORMAT_S | C74: "d.MM.yyyy" | D74: "d.MM.yyyy" | E74: "d.MM.yyyy" | F74: "d.MM.yyyy" | G74: Execute | H74: Yes | J74: =_xlfn.CONCAT(B74,"=",F74) -> FCP_H_LOCALE_DEFAULT_DATE_FORMAT_S="d.MM.yyyy"
A75: TIMEZONE_GROUP | B75: FCP_H_LOCALE_TIMEZONE_GROUP_E | C75: COMMON | D75: COMMON | E75: COMMON | F75: COMMON | G75: Execute | H75: Yes | J75: =_xlfn.CONCAT(B75,"=",F75) -> FCP_H_LOCALE_TIMEZONE_GROUP_E=COMMON
A76: DEFAULT_TIMEZONE | B76: FCP_H_LOCALE_DEFAULT_TIMEZONE_S | C76: "Etc/GMT-3" | D76: "Etc/GMT-3" | E76: "Etc/GMT-3" | F76: "Etc/GMT-8" | G76: Execute | H76: Yes | J76: =_xlfn.CONCAT(B76,"=",F76) -> FCP_H_LOCALE_DEFAULT_TIMEZONE_S="Etc/GMT-8"
A77: RANGE_MAXK | B77: FCP_H_VEHICLE_RANGE_MAXK_I | C77: 900 | D77: 900 | E77: 900 | F77: 900 | G77: Execute | H77: ADB Log | J77: =_xlfn.CONCAT(B77,"=",F77) -> FCP_H_VEHICLE_RANGE_MAXK_I=900
A78: RANGE_MAXM | B78: FCP_H_VEHICLE_RANGE_MAXM_I | C78: 600 | D78: 600 | E78: 600 | F78: 600 | G78: Execute | H78: ADB Log | J78: =_xlfn.CONCAT(B78,"=",F78) -> FCP_H_VEHICLE_RANGE_MAXM_I=600
A79: RANGE_MINK | B79: FCP_H_VEHICLE_RANGE_MINK_I | C79: 0 | D79: 0 | E79: 0 | F79: 0 | G79: Execute | H79: ADB Log | J79: =_xlfn.CONCAT(B79,"=",F79) -> FCP_H_VEHICLE_RANGE_MINK_I=0
A80: RANGE_MINM | B80: FCP_H_VEHICLE_RANGE_MINM_I | C80: 0 | D80: 0 | E80: 0 | F80: 0 | G80: Execute | H80: ADB Log | J80: =_xlfn.CONCAT(B80,"=",F80) -> FCP_H_VEHICLE_RANGE_MINM_I=0
A81: GTC_ACCESS_REGION | B81: FCP_H_HLC_GTC_ACCESS_REGION_E | C81: MIDDLE_EAST | D81: MIDDLE_EAST | E81: MIDDLE_EAST | F81: SOUTH_EAST_ASIA | G81: Design Assurance | H81: NA | J81: =_xlfn.CONCAT(B81,"=",F81) -> FCP_H_HLC_GTC_ACCESS_REGION_E=SOUTH_EAST_ASIA
A82: MULUSER_FOBK | B82: FCP_H_VEHICLE_MULUSER_FOBK_B | C82: TRUE | D82: TRUE | E82: TRUE | F82: TRUE | G82: Execute | H82: Yes | J82: =_xlfn.CONCAT(B82,"=",F82) -> FCP_H_VEHICLE_MULUSER_FOBK_B=TRUE
A83: DAYLIGHT_SAVING | B83: FCP_H_LOCALE_DAYLIGHT_SAVING_B | C83: FALSE | D83: FALSE | E83: FALSE | F83: FALSE | G83: Execute | H83: Yes | J83: =_xlfn.CONCAT(B83,"=",F83) -> FCP_H_LOCALE_DAYLIGHT_SAVING_B=FALSE
A84: FCD_SETTING_DISP | B84: FCP_H_HLC_FCD_SETTING_DISP_B | C84: FALSE | D84: FALSE | E84: FALSE | F84: FALSE | G84: Execute | H84: Yes | J84: =_xlfn.CONCAT(B84,"=",F84) -> FCP_H_HLC_FCD_SETTING_DISP_B=FALSE
A85: WARNLAMP_LOG | B85: FCP_H_HLC_WARNLAMP_LOG_B | C85: FALSE | D85: FALSE | E85: FALSE | F85: FALSE | G85: Execute | H85: ADB Log | J85: =_xlfn.CONCAT(B85,"=",F85) -> FCP_H_HLC_WARNLAMP_LOG_B=FALSE
A86: TRIP_LOG | B86: FCP_H_HLC_TRIP_LOG_B | C86: FALSE | D86: FALSE | E86: FALSE | F86: FALSE | G86: Execute | H86: ADB Log | J86: =_xlfn.CONCAT(B86,"=",F86) -> FCP_H_HLC_TRIP_LOG_B=FALSE
A87: OMLANG_DISP | B87: FCP_H_APP_OMLANG_DISP_B | C87: FALSE | D87: FALSE | E87: FALSE | F87: FALSE | G87: Execute | H87: ADB Log | J87: =_xlfn.CONCAT(B87,"=",F87) -> FCP_H_APP_OMLANG_DISP_B=FALSE
A88: PROTOCOLVE | B88: FCP_H_EAP_PROTOCOLVE_SA | C88: {"com.honda.cp.allhonda","com.honda.cp.honda","com.honda.cp.pet.honda","com.honda.cp.background"} | D88: {"com.honda.cp.allhonda","com.honda.cp.honda","com.honda.cp.pet.honda","com.honda.cp.background"} | E88: {"com.honda.cp.allhonda","com.honda.cp.honda","com.honda.cp.pet.honda","com.honda.cp.background"} | F88: {"com.honda.cp.allhonda","com.honda.cp.honda","com.honda.cp.pet.honda","com.honda.cp.background"} | G88: Execute | H88: ADB Log | J88: =_xlfn.CONCAT(B88,"=",F88) -> FCP_H_EAP_PROTOCOLVE_SA={"com.honda.cp.allhonda","com.honda.cp.honda","com.honda.cp.pet.honda","com.honda.cp.background"}
A89: LANG_SECOND | B89: FCP_H_LOCALE_LANG_SECOND_S | C89: "" | D89: "" | E89: "" | F89: "" | G89: Design Assurance | H89: NA | J89: =_xlfn.CONCAT(B89,"=",F89) -> FCP_H_LOCALE_LANG_SECOND_S=""
A90: EVPORTLOCATION | B90: FCP_H_CAR_EVPORTLOCATION_E | C90: NONE | D90: NONE | E90: NONE | F90: NONE | G90: Design Assurance | H90: NA | J90: =_xlfn.CONCAT(B90,"=",F90) -> FCP_H_CAR_EVPORTLOCATION_E=NONE
A91: EVPORTTYPE | B91: FCP_H_CAR_EVPORTTYPE_E | C91: NONE | D91: NONE | E91: NONE | F91: NONE | G91: Design Assurance | H91: NA | J91: =_xlfn.CONCAT(B91,"=",F91) -> FCP_H_CAR_EVPORTTYPE_E=NONE
A92: FUELTYPE | B92: FCP_H_CAR_FUELTYPE_E | C92: UNLEADED | D92: UNLEADED | E92: UNLEADED | F92: UNLEADED | G92: Design Assurance | H92: NA | J92: =_xlfn.CONCAT(B92,"=",F92) -> FCP_H_CAR_FUELTYPE_E=UNLEADED
A93: MODEL | B93: FCP_H_GGL_MODEL_S | C93: "CIVIC" | D93: "CIVIC" | E93: "CIVIC" | F93: "CIVIC" | G93: Design Assurance | H93: NA | J93: =_xlfn.CONCAT(B93,"=",F93) -> FCP_H_GGL_MODEL_S="CIVIC"
A94: AUTOUPDATE | B94: FCP_H_TELEMA_AUTOUPDATE_E | C94: SUP_INIT_OFF | D94: SUP_INIT_OFF | E94: SUP_INIT_OFF | F94: SUP_INIT_OFF | G94: Execute | H94: Yes | J94: =_xlfn.CONCAT(B94,"=",F94) -> FCP_H_TELEMA_AUTOUPDATE_E=SUP_INIT_OFF
A95: IVIOTA | B95: FCP_H_TELEMA_IVIOTA_B | C95: TRUE | D95: TRUE | E95: TRUE | F95: TRUE | G95: Execute | H95: Yes | J95: =_xlfn.CONCAT(B95,"=",F95) -> FCP_H_TELEMA_IVIOTA_B=TRUE
A96: USB_VIDEO | B96: FCP_H_OTHER_USB_VIDEO_B | C96: TRUE | D96: TRUE | E96: TRUE | F96: TRUE | G96: Execute | H96: Yes | J96: =_xlfn.CONCAT(B96,"=",F96) -> FCP_H_OTHER_USB_VIDEO_B=TRUE
A97: FUELCAPACITY | B97: FCP_H_CAR_FUELCAPACITY_I | G97: Design Assurance | H97: NA | J97: =_xlfn.CONCAT(B97,"=",F97) -> FCP_H_CAR_FUELCAPACITY_I=
A98: EVCAPACITY | B98: FCP_H_CAR_EVCAPACITY_I | G98: Design Assurance | H98: NA | J98: =_xlfn.CONCAT(B98,"=",F98) -> FCP_H_CAR_EVCAPACITY_I=
A99: TSUTYPE | B99: FCP_H_TELEMA_TSUTYPE_E | C99: SA_AO | D99: SA_AO | E99: SA_AO | F99: SA_AO | G99: Design Assurance | H99: NA | J99: =_xlfn.CONCAT(B99,"=",F99) -> FCP_H_TELEMA_TSUTYPE_E=SA_AO
A100: DEVICENAME | B100: FCP_H_HFT_DEVICENAME_S | C100: Honda HFT | D100: Honda HFT | E100: Honda HFT | F100: Honda HFT | G100: Execute | H100: Yes | J100: =_xlfn.CONCAT(B100,"=",F100) -> FCP_H_HFT_DEVICENAME_S=Honda HFT
A101: 3DDATA_TYPE | B101: FCP_H_VEHICLE_3DDATA_TYPE_E | C101: NONE | D101: NONE | E101: NONE | F101: NONE | G101: Execute | H101: Yes | J101: =_xlfn.CONCAT(B101,"=",F101) -> FCP_H_VEHICLE_3DDATA_TYPE_E=NONE
A102: SPKRTYPE | B102: FCP_H_VEHICLE_SPKRTYPE_E | C102: SEDAN12 | D102: SEDAN12 | E102: SEDAN12 | F102: SEDAN12 | G102: Execute | H102: Yes | J102: =_xlfn.CONCAT(B102,"=",F102) -> FCP_H_VEHICLE_SPKRTYPE_E=SEDAN12
A103: DOMPRI | B103: FCP_H_APP_DOMPRI_IA | C103: {1} | D103: {1} | E103: {1} | F103: {1} | G103: Execute | H103: ADB Log | J103: =_xlfn.CONCAT(B103,"=",F103) -> FCP_H_APP_DOMPRI_IA={1}
A104: HLCPRI | B104: FCP_H_HLC_HLCPRI_IA | C104: {3,23,1} | D104: {3,23,1} | E104: {3,23,1} | F104: {3,23,1} | G104: Execute | H104: ADB Log | J104: =_xlfn.CONCAT(B104,"=",F104) -> FCP_H_HLC_HLCPRI_IA={3,23,1}
A105: PARAMS | B105: FCP_A_DTV_PARAMS_IA | C105: {110,100,10000,1850,1,1950,4,550,550,550,5000,5000,550,10,1700,10,550,10,1550,10,1450,10,350,10,250,10,1} | D105: {110,100,10000,1850,1,1950,4,550,550,550,5000,5000,550,10,1700,10,550,10,1550,10,1450,10,350,10,250,10,1} | E105: {110,100,10000,1850,1,1950,4,550,550,550,5000,5000,550,10,1700,10,550,10,1550,10,1450,10,350,10,250,10,1} | F105: {110,100,10000,1850,1,1950,4,550,550,550,5000,5000,550,10,1700,10,550,10,1550,10,1450,10,350,10,250,10,1} | G105: Design Assurance | H105: NA | J105: =_xlfn.CONCAT(B105,"=",F105) -> FCP_A_DTV_PARAMS_IA={110,100,10000,1850,1,1950,4,550,550,550,5000,5000,550,10,1700,10,550,10,1550,10,1450,10,350,10,250,10,1}
A106: SEPARATELYICON | B106: FCP_H_APL_SEPARATELYICON_B | C106: TRUE | D106: TRUE | E106: TRUE | F106: TRUE | G106: Execute | H106: Yes | J106: =_xlfn.CONCAT(B106,"=",F106) -> FCP_H_APL_SEPARATELYICON_B=TRUE
A107: CARRIERLIST | B107: FCP_H_HFT_CARRIERLIST_SA | C107: {""} | D107: {""} | E107: {""} | F107: {""} | G107: Design Assurance | H107: NA | J107: =_xlfn.CONCAT(B107,"=",F107) -> FCP_H_HFT_CARRIERLIST_SA={""}
...

Sheet 30AW
A1: Sr. No. | B1: SCREEN_ID | C1: REQUIREMENT_ID | D1: KPIT_TC_ID | E1: Name | F1: Objective | G1: Precondition | H1: Test Script (Step-by-Step) - Step | I1: Test Script (Step-by-Step) - Test Data | J1: Test Script (Step-by-Step) - Expected Result | K1: FEATURE_1 | L1: REFERENCE_DOC | M1: Labels | N1: ANDROID_VER | O1: VEHICLE_MODEL | P1: REGION | Q1: VARIANT_CODE | R1: TEST_LEVEL | S1: TEST_TYPE | T1: HW_REQUIRED | U1: SRL_VERSION | V1: SUB_ID | W1: Status | X1: Priority | Y1: Owner | Z1: Folder | AA1: Vehicle model required for Execution e.g. 30AA Q | AB1: TC creator | AC1: L1 Review by | AD1: L1 Review Comments | AE1: TC Status | AF1: L2 Review by | AG1: L2 Review Comments | AH1: TC Status | AI1: L3 Review by | AJ1: L3 Review Comments | AK1: TC Status | AL1: Remarks | AM1: Execution feasibility Result (Pass/Fail) | AN1: Execution Model | AO1: Execution Region | AP1: Executed by
A2: 1 | B2: ー | C2: SR-990704-StatusBar-08 | D2: KPIT_VRNT_PJ02FEA10-504_8021 | E2: [SWT][KPIT_VRNT_PJ02FEA10-504_8021][System UI] | F2: To verify TSU Field strength icon is not displayed on Header when ICB is flashed with 30AWA variant code | G2: 1. IGN is ON and ICB is up and Ready 2. ICB is flashed with 30AWA variant code 4. Home screen is active | H2: 1. Observe Header | J2: After step 1, TSU Field strength icon should not be displayed on Header | K2: System UI | L2: Document Name: FCP_management_table_14-8155-s34-dev.xlsx Version : 215512 Section: Sheet/30AW/ENABLEPKG | M2: SWT_PJ, R1418 | N2: A14 | O2: 30AW | P2: KY | Q2: 30AWA | R2: SWT1-2 | S2: Variant Test | T2: ー | U2: R1418 | V2: ー | W2: Draft | X2: Normal | Y2: JIRAUSER22518 | Z2: /A14/FCP Validation TCs/30AW/System UI/Variant Test | AB2: Shivani | AC2: Ankush | AD2: 1. Folder path is incorrect 2. Feature1 is incorrect | AE2: Rework Needed | AM2: Pass | AP2: Niharika
A3: 2 | B3: ー | C3: ー | D3: KPIT_VRNT_PJ02FEA10-504_8022 | E3: [SWT][KPIT_VRNT_PJ02FEA10-504_8022][ー] | F3: To verify the value of "ENABLEPKG" is displayed as {"com.honda.ivi.systemupdate","com.honda.ivi.clockFaces","com.honda.ivi.am"} in ADB logs when ICB is flashed with 30AWC variant code | G3: 1. IGN is ON and ICB is up and Ready 2. ICB is flashed with 30AWC variant code 3. Home screen is active | H3: 1. Go to Settings -> Advanced Settings -> System -> About -> Click on Build Number on 5 times -> Enter developer option password -> Back -> Developer option -> Enable USB Debugging Mode and USB Mode Setting enable | K3: ー | L3: Document Name: FCP_management_table_14-8155-s34-dev.xlsx Version : 215512 Section: Sheet/30AW/ENABLEPKG | M3: SWT_PJ, R1418 | N3: A14 | O3: 30AW | P3: KY | Q3: 30AWC | R3: SWT1-2 | S3: Variant Test | T3: ADB Cable | U3: R1418 | V3: ー | W3: Draft | X3: Normal | Y3: JIRAUSER22518 | Z3: /A14/FCP Validation TCs/30AW/ー/Variant Test | AB3: Shivani | AC3: Ankush | AD3: 1. Folder path is incorrect 2. Feature1 is incorrect | AE3: Rework Needed | AM3: Pass | AP3: Niharika
H4: 2. Go to extracted adb folder and enter command prompt by entering "cmd" in adb folder's path
H5: 3. Enter "adb devices" and check under "List of devices attached"
H6: 4. Enter "adb bugreport"
H7: 5. Extract "bugreport" folder
H8: 6. Open "bugreport" log file
H9: 7. Search for "FCP_H_APPMANAGE_ENABLEPKG_SA" in bugreport log file | J9: After step 1, 7.1 Value of "ENABLEPKG" should be displayed as {"com.honda.ivi.systemupdate","com.honda.ivi.clockFaces","com.honda.ivi.am"} in ADB logs 7.2 "com.honda.ivi.telematicscontrolservice" value should not be displayed in "ENABLEPKG"
A10: 3 | B10: ー | C10: ー | D10: KPIT_VRNT_PJ02FEA10-504_8023 | E10: [SWT][KPIT_VRNT_PJ02FEA10-504_8023][ー] | F10: To verify the value of "ENABLEPKG" is displayed as {"com.honda.ivi.systemupdate","com.honda.ivi.clockFaces","com.honda.ivi.am"} in ADB logs when ICB is flashed with 30AWD variant code | G10: 1. IGN is ON and ICB is up and Ready 2. ICB is flashed with 30AWD variant code 3. Home screen is active | H10: 1. Go to Settings -> Advanced Settings -> System -> About -> Click on Build Number on 5 times -> Enter developer option password -> Back -> Developer option -> Enable USB Debugging Mode and USB Mode Setting enable | K10: ー | L10: Document Name: FCP_management_table_14-8155-s34-dev.xlsx Version : 215512 Section: Sheet/30AW/ENABLEPKG | M10: SWT_PJ, R1418 | N10: A14 | O10: 30AW | P10: KY | Q10: 30AWD | R10: SWT1-2 | S10: Variant Test | T10: ADB Cable | U10: R1418 | V10: ー | W10: Draft | X10: Normal | Y10: JIRAUSER22518 | Z10: /A14/FCP Validation TCs/30AW/ー/Variant Test | AB10: Shivani | AC10: Ankush | AD10: 1. Folder path is incorrect 2. Feature1 is incorrect | AE10: Rework Needed | AM10: Pass | AP10: Niharika
H11: 2. Go to extracted adb folder and enter command prompt by entering "cmd" in adb folder's path
H12: 3. Enter "adb devices" and check under "List of devices attached"
H13: 4. Enter "adb bugreport"
H14: 5. Extract "bugreport" folder
H15: 6. Open "bugreport" log file
H16: 7. Search for "FCP_H_APPMANAGE_ENABLEPKG_SA" in bugreport log file | J16: After step 1, 7.1 Value of "ENABLEPKG" should be displayed as {"com.honda.ivi.systemupdate","com.honda.ivi.clockFaces","com.honda.ivi.am"} in ADB logs 7.2 "com.honda.ivi.telematicscontrolservice" value should not be displayed in "ENABLEPKG"
A17: 4 | B17: ー | C17: ー | D17: KPIT_VRNT_PJ02FEA10-504_8024 | E17: [SWT][KPIT_VRNT_PJ02FEA10-504_8024][ー] | F17: To verify the value of "ENABLEPKG" is displayed as {"com.honda.ivi.systemupdate","com.honda.ivi.clockFaces","com.honda.ivi.am"} in ADB logs when ICB is flashed with 30AXC variant code | G17: 1. IGN is ON and ICB is up and Ready 2. ICB is flashed with 30AXC variant code 3. Home screen is active | H17: 1. Go to Settings -> Advanced Settings -> System -> About -> Click on Build Number on 5 times -> Enter developer option password -> Back -> Developer option -> Enable USB Debugging Mode and USB Mode Setting enable | K17: ー | L17: Document Name: FCP_management_table_14-8155-s34-dev.xlsx Version : 215512 Section: Sheet/30AW/ENABLEPKG | M17: SWT_PJ, R1418 | N17: A14 | O17: 30AW | P17: KY | Q17: 30AXC | R17: SWT1-2 | S17: Variant Test | T17: ADB Cable | U17: R1418 | V17: ー | W17: Draft | X17: Normal | Y17: JIRAUSER22518 | Z17: /A14/FCP Validation TCs/30AW/ー/Variant Test | AB17: Shivani | AC17: Ankush | AD17: 1. Folder path is incorrect 2. Feature1 is incorrect | AE17: Rework Needed | AM17: Pass | AP17: Niharika
H18: 2. Go to extracted adb folder and enter command prompt by entering "cmd" in adb folder's path
H19: 3. Enter "adb devices" and check under "List of devices attached"
H20: 4. Enter "adb bugreport"
H21: 5. Extract "bugreport" folder
H22: 6. Open "bugreport" log file
H23: 7. Search for "FCP_H_APPMANAGE_ENABLEPKG_SA" in bugreport log file | J23: After step 1, 7.1 Value of "ENABLEPKG" should be displayed as {"com.honda.ivi.systemupdate","com.honda.ivi.clockFaces","com.honda.ivi.am"} in ADB logs 7.2 "com.honda.ivi.telematicscontrolservice" value should not be displayed in "ENABLEPKG"
A24: 5 | B24: ー | C24: ー | D24: KPIT_VRNT_PJ02FEA10-504_8025 | E24: [SWT][KPIT_VRNT_PJ02FEA10-504_8025][ー] | F24: To verify the value of "ENABLEPKG" is displayed as {"com.honda.ivi.systemupdate","com.honda.ivi.clockFaces","com.honda.ivi.am"} in ADB logs when ICB is flashed with 30AWM variant code | G24: 1. IGN is ON and ICB is up and Ready 2. ICB is flashed with 30AWM variant code 3. Home screen is active | H24: 1. Go to Settings -> Advanced Settings -> System -> About -> Click on Build Number on 5 times -> Enter developer option password -> Back -> Developer option -> Enable USB Debugging Mode and USB Mode Setting enable | K24: ー | L24: Document Name: FCP_management_table_14-8155-s34-dev.xlsx Version : 215512 Section: Sheet/30AW/ENABLEPKG | M24: SWT_PJ, R1418 | N24: A14 | O24: 30AW | P24: KY | Q24: 30AWM | R24: SWT1-2 | S24: Variant Test | T24: ADB Cable | U24: R1418 | V24: ー | W24: Draft | X24: Normal | Y24: JIRAUSER22518 | Z24: /A14/FCP Validation TCs/30AW/ー/Variant Test | AB24: Shivani | AC24: Ankush | AD24: 1. Folder path is incorrect 2. Feature1 is incorrect | AE24: Rework Needed | AM24: Pass | AP24: Niharika
H25: 2. Go to extracted adb folder and enter command prompt by entering "cmd" in adb folder's path
H26: 3. Enter "adb devices" and check under "List of devices attached"
H27: 4. Enter "adb bugreport"
H28: 5. Extract "bugreport" folder
H29: 6. Open "bugreport" log file
H30: 7. Search for "FCP_H_APPMANAGE_ENABLEPKG_SA" in bugreport log file | J30: After step 1, 7.1 Value of "ENABLEPKG" should be displayed as {"com.honda.ivi.systemupdate","com.honda.ivi.clockFaces","com.honda.ivi.am"} in ADB logs 7.2 "com.honda.ivi.telematicscontrolservice" value should not be displayed in "ENABLEPKG"
A31: 6 | B31: ー | C31: SR-180400-WFS-16 | D31: KPIT_VRNT_PJ02FEA10-504_8026 | E31: [SWT][KPIT_VRNT_PJ02FEA10-504_8026][Wi-Fi(Station)] | F31: To verify "Wi-Fi Hotspot" option is displayed on Home and All Apps screen when ICB is flashed with 30AJ2 variant code | G31: 1. IGN is ON and ICB is up and Ready 2. ICB is flashed with 30AJ2 variant code 3. ICB is started for the first time after SW flashing 4. Home screen is active | H31: 1. Observe "Wi-Fi Hotspot" | J31: After step 1, "Wi-Fi Hotspot" should be displayed on Home screen | K31: Wi-Fi(Station) | L31: Document Name: FCP_management_table_14-8155-s34-dev.xlsx Version : 215512 Section: Sheet/30AW/ENABLEPKG | M31: SWT_PJ, R1418 | N31: A14 | O31: 30AW | P31: KJ | Q31: 30AJ2 | R31: SWT1-2 | S31: Variant Test | T31: ー | U31: R1418 | V31: ー | W31: Draft | X31: Normal | Y31: JIRAUSER22518 | Z31: /A14/FCP Validation TCs/30AW/Wi-Fi(Station)/Variant Test | AB31: Shivani | AC31: Ankush | AD31: Variant is incorrect | AE31: Rework Needed | AM31: Hold | AP31: Niharika
B32: ー | H32: 2. Go to "アプリ一覧"(All Apps) | J32: After step 2, "Wi-Fi Hotspot" should be displayed on All Apps screen
A33: 7 | B33: ー | C33: ー | D33: KPIT_VRNT_PJ02FEA10-504_8027 | E33: [SWT][KPIT_VRNT_PJ02FEA10-504_8027][ー] | F33: To verify the value of "ENABLEPKG" is displayed as {"com.honda.ivi.dtv","com.honda.ivi.dtvservice","com.honda.ivi.etc","com.honda.ivi.am","com.honda.ivi.amtraffic","com.honda.ivi.internavi","com.honda.ivi.systemupdate","com.honda.ivi.telematicscontrolservice","com.honda.ivi.clockFaces","com.honda.ivi.vmsmediatorservice","com.honda.ivi.mapssettings","com.honda.ivi.ambientlight", "com.honda.ivi.sfd", "com.honda.ivi.hvaccontrol","jp.co.micware.wifihotspotapp"} in ADB logs when ICB is flashed with 30AJ3 variant code | G33: 1. IGN is ON and ICB is up and Ready 2. ICB is flashed with 30AJ3 variant code 3. ICB is started for the first time after SW flashing 4. Home screen is active | H33: 1. Go to Settings -> Advanced Settings -> System -> About -> Click on Build Number on 5 times -> Enter developer option password -> Back -> Developer option -> Enable USB Debugging Mode and USB Mode Setting enable | K33: ー | L33: Document Name: FCP_management_table_14-8155-s34-dev.xlsx Version : 215512 Section: Sheet/30AW/ENABLEPKG | M33: SWT_PJ, R1418 | N33: A14 | O33: 30AW | P33: KJ | Q33: 30AJ3 | R33: SWT1-2 | S33: Variant Test | T33: ADB Cable | U33: R1418 | V33: ー | W33: Draft | X33: Normal | Y33: JIRAUSER22518 | Z33: /A14/FCP Validation TCs/30AWー/Variant Test | AB33: Shivani | AC33: Ankush | AD33: No review comment | AE33: Finalized | AM33: Hold | AP33: Niharika
H34: 2. Go to extracted adb folder and enter command prompt by entering "cmd" in adb folder's path
H35: 3. Enter "adb devices" and check under "List of devices attached"
H36: 4. Enter "adb bugreport"
H37: 5. Extract "bugreport" folder
H38: 6. Open "bugreport" log file
H39: 7. Search for "FCP_H_APPMANAGE_ENABLEPKG_SA" in bugreport log file | J39: After step 1, 7.1 Value of "ENABLEPKG" should be displayed as {"com.honda.ivi.dtv","com.honda.ivi.dtvservice","com.honda.ivi.etc","com.honda.ivi.am","com.honda.ivi.amtraffic","com.honda.ivi.internavi","com.honda.ivi.systemupdate","com.honda.ivi.telematicscontrolservice","com.honda.ivi.clockFaces","com.honda.ivi.vmsmediatorservice","com.honda.ivi.mapssettings","com.honda.ivi.ambientlight", "com.honda.ivi.sfd", "com.honda.ivi.hvaccontrol","jp.co.micware.wifihotspotapp"} in ADB logs

Sheet T20Y6
A1: Sr. No. | B1: SCREEN_ID | C1: REQUIREMENT_ID | D1: KPIT_TC_ID | E1: Name | F1: Objective | G1: Precondition | H1: Test Script (Step-by-Step) - Step | I1: Test Script (Step-by-Step) - Test Data | J1: Test Script (Step-by-Step) - Expected Result | K1: FEATURE_1 | L1: REFERENCE_DOC | M1: Labels | N1: ANDROID_VER | O1: VEHICLE_MODEL | P1: REGION | Q1: VARIANT_CODE | R1: TEST_LEVEL | S1: TEST_TYPE | T1: HW_REQUIRED | U1: SRL_VERSION | V1: SUB_ID | W1: Status | X1: Priority | Y1: Owner | Z1: Folder | AA1: Vehicle model required for Execution e.g. 30AA Q | AB1: TC creator | AC1: L1 Review by | AD1: L1 Review Comments | AE1: TC Status | AF1: L2 Review by | AG1: L2 Review Comments | AH1: TC Status | AI1: L3 Review by | AJ1: L3 Review Comments | AK1: TC Status | AL1: Remarks | AM1: Execution feasibility Result (Pass/Fail) | AN1: Execution Model | AO1: Execution Region | AP1: Executed by
A2: 1 | B2: ー | C2: ー | D2: KPIT_VRNT_PJ02FEA10-504_8028 | E2: [SWT][KPIT_VRNT_PJ02FEA10-504_8028][IDS (Integrated Drive Mode System) ] | F2: To verify the value of "VEHICLE" is "{""}" in ADB logs when ICB is flashed with T20Y6 variant code | G2: 1. IGN is ON and ICB is up and Ready 2. ICB is flashed with T20Y6 variant code 3. ICB language is set to "English" (UK-English) 4. Home screen is active | H2: 1. Go to Settings -> Advanced Settings -> System -> About -> Click on Build Number on 5 times -> Enter developer option password -> Back -> Developer option -> Enable USB Debugging Mode and USB Mode Setting enable | K2: IDS (Integrated Drive Mode System) | L2: Document Name: FCP_management_table_14-8155-s34-dev.xlsx Version : 214345 Section: Sheet/T20T/VEHICLE | M2: SWT_PJ, R1418 | N2: A14 | O2: T20T | P2: KY | Q2: T20Y6 | R2: SWT1-2 | S2: Variant Test | T2: ADB Cable | U2: R1418 | V2: ー | W2: Draft | X2: Normal | Y2: JIRAUSER22518 | Z2: /A14/FCP Validation TCs/T20T/IDS (Integrated Drive Mode System)/Variant Test | AF2: Pravin | AG2: 3. Variant code is not correct in precondition2 | AH2: Rework Review | AM2: Pass | AP2: Niharika
H3: 2. Go to extracted adb folder and enter command prompt by entering "cmd" in adb folder's path
H4: 3. Enter "adb devices" and check under "List of devices attached"
H5: 4. Enter "adb bugreport"
H6: 5. Extract "bugreport" folder
H7: 6. Open "bugreport" log file
H8: 7. Search for FCP_H_INDIVIDUAL_VEHICLE_SA in bugreport log file | J8: After step 7, The value of "VEHICLE" should be "{""}" in ADB logs

Sheet T20Y7
A1: Sr. No. | B1: SCREEN_ID | C1: REQUIREMENT_ID | D1: KPIT_TC_ID | E1: Name | F1: Objective | G1: Precondition | H1: Test Script (Step-by-Step) - Step | I1: Test Script (Step-by-Step) - Test Data | J1: Test Script (Step-by-Step) - Expected Result | K1: FEATURE_1 | L1: REFERENCE_DOC | M1: Labels | N1: ANDROID_VER | O1: VEHICLE_MODEL | P1: REGION | Q1: VARIANT_CODE | R1: TEST_LEVEL | S1: TEST_TYPE | T1: HW_REQUIRED | U1: SRL_VERSION | V1: SUB_ID | W1: Status | X1: Priority | Y1: Owner | Z1: Folder | AA1: Vehicle model required for Execution e.g. 30AA Q | AB1: TC creator | AC1: L1 Review by | AD1: L1 Review Comments | AE1: TC Status | AF1: L2 Review by | AG1: L2 Review Comments | AH1: TC Status | AI1: L3 Review by | AJ1: L3 Review Comments | AK1: TC Status | AL1: Remarks | AM1: Execution feasibility Result (Pass/Fail) | AN1: Execution Model | AO1: Execution Region | AP1: Executed by
A2: 1 | B2: ー | C2: ー | D2: KPIT_VRNT_PJ02FEA10-504_8029 | E2: [SWT][KPIT_VRNT_PJ02FEA10-504_8029][IDS (Integrated Drive Mode System) ] | F2: To verify the value of "VEHICLE" is "{""}" in ADB logs when ICB is flashed with T20Y7 variant code | G2: 1. IGN is ON and ICB is up and Ready 2. ICB is flashed with T20Y7 variant code 3. ICB language is set to "English" (UK-English) 4. Home screen is active | H2: 1. Go to Settings -> Advanced Settings -> System -> About -> Click on Build Number on 5 times -> Enter developer option password -> Back -> Developer option -> Enable USB Debugging Mode and USB Mode Setting enable | K2: IDS (Integrated Drive Mode System) | L2: Document Name: FCP_management_table_14-8155-s34-dev.xlsx Version : 214345 Section: Sheet/T20T/VEHICLE | M2: SWT_PJ, R1418 | N2: A14 | O2: T20T | P2: KY | Q2: T20Y7 | R2: SWT1-2 | S2: Variant Test | T2: ADB Cable | U2: R1418 | V2: ー | W2: Draft | X2: Normal | Y2: JIRAUSER22518 | Z2: /A14/FCP Validation TCs/T20T/IDS (Integrated Drive Mode System)/Variant Test | AB2: Shivani | AC2: Ankush | AD2: No Review comment | AE2: Finalized | AF2: Pravin | AG2: 3. Variant code is not correct in precondition2 | AH2: Rework Review | AM2: Pass | AP2: Niharika
H3: 2. Go to extracted adb folder and enter command prompt by entering "cmd" in adb folder's path
H4: 3. Enter "adb devices" and check under "List of devices attached"
H5: 4. Enter "adb bugreport"
H6: 5. Extract "bugreport" folder
H7: 6. Open "bugreport" log file
H8: 7. Search for FCP_H_INDIVIDUAL_VEHICLE_SA in bugreport log file | J8: After step 7, The value of "VEHICLE" should be "{""}" in ADB logs

Sheet T20Y8
A1: Sr. No. | B1: SCREEN_ID | C1: REQUIREMENT_ID | D1: KPIT_TC_ID | E1: Name | F1: Objective | G1: Precondition | H1: Test Script (Step-by-Step) - Step | I1: Test Script (Step-by-Step) - Test Data | J1: Test Script (Step-by-Step) - Expected Result | K1: FEATURE_1 | L1: REFERENCE_DOC | M1: Labels | N1: ANDROID_VER | O1: VEHICLE_MODEL | P1: REGION | Q1: VARIANT_CODE | R1: TEST_LEVEL | S1: TEST_TYPE | T1: HW_REQUIRED | U1: SRL_VERSION | V1: SUB_ID | W1: Status | X1: Priority | Y1: Owner | Z1: Folder | AA1: Vehicle model required for Execution e.g. 30AA Q | AB1: TC creator | AC1: L1 Review by | AD1: L1 Review Comments | AE1: TC Status | AF1: L2 Review by | AG1: L2 Review Comments | AH1: TC Status | AI1: L3 Review by | AJ1: L3 Review Comments | AK1: TC Status | AL1: Remarks | AM1: Execution feasibility Result (Pass/Fail) | AN1: Execution Model | AO1: Execution Region | AP1: Executed by
A2: 1 | B2: ー | C2: SR-130100-IDS-12 | D2: KPIT_VRNT_PJ02FEA10-504_8030 | E2: [SWT][KPIT_VRNT_PJ02FEA10-504_8030][IDS (Integrated Drive Mode System) ] | F2: To verify "INDIVIDUAL Settings" is not displayed on Vehicle customization list screen while ICB is flashed with T20Y8 variant code | G2: 1. IGN is ON and ICB is up and Ready 2. ICB is flashed with T20Y8 variant code 3. ICB language is set to "English" (UK-English) 4. CANTOOL A1 is connected to ICB 5. Vehicle Settings Simulator is running on PC 6. Below BCAN Signal values are set in Vehicle Settings CAN simulator to enable options in Vehicle Customization screen C_MAINT_RESULT - 1: Successful reset C_MAINT_INFO - 1: US Smart Maintenance C_MAINT_OIL_LIFE - 1: 100% C_MAINT_DATA - 1 C_MAINT_UNIT - 1: km C_EW_MAINT - 1: Notice established C_MAINT_DATE_UNIT - 1: weeks C_NGST_CONNECTED - 0 : Other than diagnostic status 7. Home Screen is active | H2: 1. Go to "Vehicle Settings" | J2: After step 1, "INDIVIDUAL Settings" should not be displayed | K2: IDS (Integrated Drive Mode System) | L2: Document Name: FCP_management_table_14-8155-s34-dev.xlsx Version : 214345 Section: Sheet/T20T/VEHICLE | M2: SWT_PJ, R1418 | N2: A14 | O2: T20T | P2: KY | Q2: T20Y8 | R2: SWT1-2 | S2: Variant Test | T2: CANTOOL A1 | U2: R1418 | V2: ー | W2: Draft | X2: Normal | Y2: JIRAUSER22518 | Z2: /A14/FCP Validation TCs/T20T/IDS (Integrated Drive Mode System)/Variant Test | AB2: Shivani | AC2: Ankush | AD2: No review comments | AE2: Finalized | AF2: Pravin | AG2: 3. Variant code is not correct in precondition2 | AH2: Rework Review | AM2: Pass(No entries exit is dispalyed) | AP2: Niharika

Sheet T60T-Honda jira
A1: Sr. No. | B1: SCREEN_ID | C1: REQUIREMENT_ID | D1: KPIT_TC_ID | E1: Name | F1: Objective | G1: Precondition | H1: Test Script (Step-by-Step) - Step | I1: Test Script (Step-by-Step) - Test Data | J1: Test Script (Step-by-Step) - Expected Result | K1: FEATURE_1 | L1: REFERENCE_DOC | M1: Labels | N1: ANDROID_VER | O1: VEHICLE_MODEL | P1: REGION | Q1: VARIANT_CODE | R1: TEST_LEVEL | S1: TEST_TYPE | T1: HW_REQUIRED | U1: SRL_VERSION | V1: SUB_ID | W1: Status | X1: Priority | Y1: Owner | Z1: Folder | AA1: Vehicle model required for Execution e.g. 30AA Q | AB1: TC Status | AC1: L1 Review by | AD1: L1 Review on | AE1: L1 Review Comments | AF1: L1 Rework Review by | AG1: L1 Rework Review comments | AH1: Remarks | AI1: Execution feasibility Result (Pass/Fail) | AJ1: Execution Model | AK1: Execution Region | AL1: Executed by
A2: 1 | B2: ー | C2: SR-200200-DealerDiag-92 | D2: - | E2: - | F2: To verify the value of "8A050-T60-JA10" is displayed for Software No.(Soc) and "8A020-T60-JA10" is displayed for Software No.(Soc REG) on "バージョン情報 " (Version Detail Information) screen when ICB is flashed with T60J1 variant code | G2: 1. IGN is ON and ICB is up and Ready 2. ICB is flashed with T60J1 variant code 3. Detail Information & Setting screen is active (Press HOME + SEEK Down + Audio Power keys simultaneously for 5 seconds -> Detail Information & Setting) | H2: 1. Select "バージョン情報 " (Version Detail Information) | J2: After step 1, "8A050-T60-JA10" is displayed for Software No.(Soc) and "8A020-T60-JA10" is displayed for Software No.(Soc REG) on "バージョン情報 " (Version Detail Information) screen | K2: Dealer Diag | L2: Document Name: FCP_management_table_14-8155-s34-dev.xlsx Version : 215345 Section: Sheet/T60T/SOC_SWPN | M2: SWT_PJ, R1418 | N2: A14 | O2: T60T | P2: KJ | Q2: T60J1 | R2: SWT1-2 | S2: Variant Test | T2: ー | U2: R1418 | V2: ー | W2: Draft | X2: Normal | Y2: JIRAUSER22518 | Z2: /A14/FCP Validation TCs/T60T/Dealer Diag/Variant Test | AI2: Pass | AL2: Niharika
A3: 2 | B3: ー | C3: SR-200200-DealerDiag-92 | D3: - | E3: - | F3: To verify the value of "8A050-T60-YQ10" is displayed for Software No.(Soc) on "Version Detail Information" screen when ICB is flashed with T60Y1 variant code | G3: 1. IGN is ON and ICB is up and Ready 2. ICB is flashed with T60Y1 variant code 3. ICB language is set to "English" (UK-English) 4. Detail Information & Setting screen is active (Press HOME + SEEK Down + Audio Power keys simultaneously for 5 seconds -> Detail Information & Setting) | H3: 1. Select "Version" | J3: After step 1, "8A050-T60-YQ10" should be displayed for Software No.(Soc) on "Version Detail Information" screen | K3: Dealer Diag | L3: Document Name: FCP_management_table_14-8155-s34-dev.xlsx Version : 215345 Section: Sheet/T60T/SOC_SWPN | M3: SWT_PJ, R1418 | N3: A14 | O3: T60T | P3: KY | Q3: T60Y1 | R3: SWT1-2 | S3: Variant Test | T3: ー | U3: R1418 | V3: ー | W3: Draft | X3: Normal | Y3: JIRAUSER22518 | Z3: /A14/FCP Validation TCs/T60T/Dealer Diag/Variant Test | AI3: Pass | AL3: Niharika
A4: 3 | B4: ー | C4: SR-200200-DealerDiag-92 | D4: - | E4: - | F4: To verify the value of "8A050-T60-YB10" is displayed for Software No.(Soc) on "Version Detail Information" screen when ICB is flashed with T60Y2 variant code | G4: 1. IGN is ON and ICB is up and Ready 2. ICB is flashed with T60Y2 variant code 3. ICB language is set to "English" (UK-English) 4. Detail Information & Setting screen is active (Press HOME + SEEK Down + Audio Power keys simultaneously for 5 seconds -> Detail Information & Setting) | H4: 1. Select "Version" | J4: After step 1, "8A050-T60-YB10" should be displayed for Software No.(Soc) on "Version Detail Information" screen | K4: Dealer Diag | L4: Document Name: FCP_management_table_14-8155-s34-dev.xlsx Version : 215345 Section: Sheet/T60T/SOC_SWPN | M4: SWT_PJ, R1418 | N4: A14 | O4: T60T | P4: KY | Q4: T60Y2 | R4: SWT1-2 | S4: Variant Test | T4: ー | U4: R1418 | V4: ー | W4: Draft | X4: Normal | Y4: JIRAUSER22518 | Z4: /A14/FCP Validation TCs/T60T/Dealer Diag/Variant Test | AI4: Pass | AL4: Niharika
A5: 4 | B5: ー | C5: SR-200200-DealerDiag-92 | D5: - | E5: - | F5: To verify the value of "8A050-T60-FA10" is displayed for Software No.(Soc) and "8A020-T60-FA10" is displayed for Software No.(Soc REG) on Detailed version display screen when ICB is flashed with T60F0 variant code | G5: 1. IGN is ON and ICB is up and Ready 2. ICB is flashed with T60F0 variant code 3. ICB language is set to "English" (US-English) 4. Detail Information & Setting screen is active (Press HOME + SEEK Down + Audio Power keys simultaneously for 5 seconds -> Detail Information & Setting) | H5: 1. Select "Version" | J5: After step 1, "8A050-T60-FA10" should be displayed for Software No.(Soc) and "8A020-T60-FA10" should be displayed for Software No.(Soc REG) on Detailed version display screen | K5: Dealer Diag | L5: Document Name: FCP_management_table_14-8155-s34-dev.xlsx Version : 215345 Section: Sheet/T60T/SOC_SWPN | M5: SWT_PJ, R1418 | N5: A14 | O5: T60T | P5: FO | Q5: T60F0 | R5: SWT1-2 | S5: Variant Test | T5: ー | U5: R1418 | V5: ー | W5: Draft | X5: Normal | Y5: JIRAUSER22518 | Z5: /A14/FCP Validation TCs/T60T/Dealer Diag/Variant Test | AI5: PAss | AL5: Niharika
